#,Song,Artist,Popularity,BPM,Genres,Album,Album Date,Time,Dance,Energy,Acoustic,Instrumental,Happy,Speech,Live,Loud (Db),Key,Time Signature,Added At,Spotify Track Id,Camelot,ISRC
1,"YA YA","Beyoncé",66,152,"","COWBOY CARTER",2024-03-29,04:34,62,90,32,0,76,30,50,-5,B Major,4,2025-08-07,0K9tfzrxJyCQIf7oAlPwaK,1B,USSM12402721
2,"Big Poe (feat. Sk8brd)","Tyler, The Creator,Pharrell Williams",80,110,"","DON'T TAP THE GLASS",2025-07-21,03:02,71,71,12,0,57,30,0,-5,A Major,4,2025-08-07,4sLvxpKLvagQ4lZHUpymza,11B,USQX92503269
3,"Тоска","Molchat Doma",64,160,"post-punk, darkwave, cold wave, rock gotico","Этажи",2018-09-07,03:09,39,58,24,90,37,0,10,-5,A Major,4,2025-08-07,0sMra9TqwOskuvn4eR11n3,11B,AEA0D1846144
4,"I Can't Breathe","Dead by April",46,97,"metalcore","Worlds Collide",2017-04-07,04:01,48,90,0,1,49,0,10,-5,C♯/D♭ Minor,4,2025-08-07,2kNwTLUVbnNkBKaQw0apx0,12A,SEUM71601952
5,"Welcome To My Island - George Daniel & Charli XCX Remix","Caroline Polachek,Charli xcx,George Daniel",53,134,"art pop, hyperpop, ","Welcome To My Island (George Daniel & Charli XCX Remix)",2023-01-19,03:22,72,71,1,0,51,0,10,-6,A Minor,4,2025-08-09,2nQeWDP8OA9vFqiCfghot2,8A,QM4TW2328614
6,"NEVER ENOUGH","Turnstile",53,154,"hardcore punk, hardcore","NEVER ENOUGH",2025-04-08,04:47,19,63,8,30,4,0,0,-7,D Major,4,2025-08-07,6ONyZXRIEiZWWnAA1F5YvH,10B,NLA322500053
7,"Say It","Flume,Tove Lo",50,75,"future bass, ","Skin",2016-05-27,04:22,59,53,7,0,27,0,0,-7,D#/E♭ Minor,4,2025-08-07,7ghmZhLpmQe9nTluI1czmr,2A,AUFF01600799
8,"Raise Your Banner","Within Temptation,Anders Friden",45,174,"metal sinfonico, gothic metal, rock gotico, power metal, metal, ","Resist (Extended Deluxe)",2019-02-01,05:34,38,89,0,0,32,10,10,-7,C♯/D♭ Major,3,2025-08-07,0lNhWQBiA483reJSVovSWF,3B,NLR261800012
9,"I'm Outta Love","Anastacia",57,119,"","Not That Kind",2000-05-01,04:02,76,71,37,0,65,0,10,-6,A#/B♭ Minor,4,2025-08-10,77vCn7iUHH8KAOqdOe1XjY,3A,USSM19921724
10,"Bloody Mary","Lady Gaga",76,100,"art pop, pop","Born This Way (International Special Edition Version)",2011-05-23,04:04,59,63,1,0,44,0,10,-6,A Minor,4,2025-08-07,53jnnqFSRGMDB9ADrNriCA,8A,USUM71106449
11,"Dang","Caroline Polachek",36,135,"art pop","Dang",2023-10-17,02:44,82,38,1,12,53,0,40,-7,C♯/D♭ Major,4,2025-08-07,7ddHGUPt5bOpVFAtX6TJN8,3B,QMFME2366483
12,"Idols Pt. I","YUNGBLUD",58,118,"","Idols",2025-06-20,03:35,48,82,0,0,18,0,30,-4,B Major,4,2025-08-07,66KEZm6v9PjGq477fD0r5i,1B,USUG12501756
13,"Wrong Side of Heaven","Five Finger Death Punch",66,150,"metal, groove metal, heavy metal, hard rock, rock","The Wrong Side Of Heaven And The Righteous Side Of Hell, Volume 1",2013-07-26,04:31,48,93,1,0,54,0,30,-5,E Minor,4,2025-08-07,11Ojp7JniVvwd0gmgvyKkd,9A,US5Z51300299
14,"Alter Ego (with JT)","Doechii,JT",74,127,"","Alter Ego (with JT)",2024-03-29,03:24,84,73,1,0,73,0,50,-5,B Minor,4,2025-08-10,2xaaJcmvMOmpDbTwlWnjFh,10A,USUG12306834
15,"Illegal","PinkPantheress",84,141,"bedroom pop","Fancy That",2025-05-09,02:29,62,89,7,0,52,0,10,-5,C Minor,4,2025-08-07,1WmBVbFmLt0w6zPP37TeCG,5A,GBAYE2500026
16,"Bulls on Parade - triple j Like A Version","Denzel Curry",46,88,"","Bulls on Parade (triple j Like A Version)",2019-03-15,04:29,36,92,0,0,71,10,10,-8,F Major,4,2025-08-07,6FCfj69zzQHnrx4fTukhfo,7B,AUAB01900027
17,"My Kink Is Karma","Chappell Roan",69,87,"","The Rise and Fall of a Midwest Princess",2023-09-22,03:42,56,60,1,0,42,0,10,-6,D Major,4,2025-08-07,32fSZSbxeVoiZShMQKLc6Z,10B,USUG12302737
18,"DDU-DU DDU-DU","BLACKPINK",74,140,"k-pop","SQUARE UP",2018-06-15,03:31,67,83,4,0,39,0,0,-5,E Minor,4,2025-08-07,4lQsB3ERTWSNaAN1IkuNRl,9A,KRA401800096
19,"Telephone","Lady Gaga,Beyoncé",78,122,"art pop, pop, ","The Fame Monster (Deluxe Edition)",2009-08-05,03:40,83,83,1,0,71,0,10,-6,F Minor,4,2025-08-10,7rl7ao5pb9BhvAzPdWStxi,4A,USUM70905541
20,"Rush (feat. PinkPantheress & Hyunjin of Stray Kids)","Troye Sivan,PinkPantheress,Hyunjin",61,126,"bedroom pop, ","Rush (feat. PinkPantheress & Hyunjin of Stray Kids)",2023-08-31,02:52,73,85,0,0,38,0,10,-8,F Minor,4,2025-08-12,12qq70vp6hMUikpAyeyDPc,4A,AUUM72300326
21,"Prada","cassö,RAYE,D-Block Europe",79,142,"hypertechno, grime","Prada",2023-08-11,02:12,64,72,0,0,42,0,10,-6,G#/A♭ Major,4,2025-08-07,59NraMJsLaMCVtwXTSia8i,4B,GBCEN2300147
22,"Karma","Taylor Swift",76,90,"","Midnights",2022-10-21,03:24,64,62,6,0,12,0,40,-7,G#/A♭ Major,4,2025-08-07,7KokYm8cMIXCsGVmUvKtqf,4B,USUG12205717
23,"In the Shadows","Venamoris,Dave Lombardo",6,130,"rock progressivo, thrash metal, synthwave","To Cross or To Burn",2025-02-28,03:52,58,67,67,20,43,0,10,-10,C Major,4,2025-08-07,3zmgltDHP75R25PnBgGseG,8B,QM5WW1501228
24,"SHYNE","Travis Scott,GloRilla",72,148,"rap, ","JACKBOYS 2",2025-07-13,03:13,72,77,5,0,47,10,40,-5,C Major,4,2025-08-07,4lUAlhQOVzhitQKjxrHVny,8B,USSM12503083
25,"Festa da Carne","Crizin da Z.O.",14,130,"experimental hip hop, miami bass","Acelero",2024-01-18,02:57,80,88,2,0,85,10,0,-4,D Major,4,2025-08-07,2fAvNWGDFwcE1DbOVtsBcx,10B,BX0L22300036
26,"Storytime","Nightwish",58,156,"metal sinfonico, gothic metal, power metal, metal, folk metal, rock gotico","Imaginaerum",2011-12-02,05:22,47,97,0,0,48,0,30,-3,F Minor,4,2025-08-07,5IhtaTempjlVlPmSgI0FQS,4A,DED831100580
27,"Guess featuring billie eilish","Charli xcx,Billie Eilish",80,130,"hyperpop, art pop, ","Brat and it’s completely different but also still brat",2024-10-11,02:23,78,71,2,21,62,0,10,-4,C Major,4,2025-08-07,0IsIY8pfu1yaGkPUD7pkDx,8B,USAT22406808
28,"Show Me Love","Robin S",72,120,"eurodance","Show Me Love",1993-06-15,04:12,81,83,1,0,57,10,0,-4,F Major,4,2025-08-07,4t0UsYzmmmZRMTWn77jiGF,7B,USAT29300075
29,"Back On 74","Jungle",79,146,"","Volcano",2023-08-11,03:29,62,76,21,0,19,10,20,-7,A#/B♭ Minor,4,2025-08-10,19kHhX6f6EfLU7rcO3RqjO,3A,QM4TX2336316
30,"Houdini","Dua Lipa",81,117,"pop","Radical Optimism",2024-05-03,03:05,74,79,0,0,87,0,0,-5,A Minor,4,2025-08-07,6D8y7Bck8h11byRY88Pt2z,8A,GBAHT2301246
31,"TITS, LIPS, HIPS, KISS (10/10 Remix)","COBRAH,VTSS,MCR-T",46,145,"ballroom vogue, hyperpop, acid techno, techno, miami bass, gabber","TITS, LIPS, HIPS, KISS (10/10 Remix)",2024-07-12,03:36,76,68,0,84,74,0,0,-8,A Minor,4,2025-08-11,3KkesrPkSGFZYXUHtk1Zfn,8A,USAT22404878
32,"Get Free","Major Lazer,Amber of Dirty Projectors",58,176,"moombahton, ","Free the Universe",2013-04-15,04:49,53,65,9,13,79,0,10,-7,B Minor,4,2025-08-11,4p4hyqRFdoiw4EMbEsqBdA,10A,US38W1229203
33,"Schäfer","Honningbarna",37,161,"rock norvegese, noise rock, pop norvegese","Soft Spot",2025-02-28,02:20,20,100,0,52,5,20,0,-2,A#/B♭ Major,3,2025-08-11,0zyxL3tYZxtqgqazM0UtEm,6B,NO8I92502020
34,"S&M","Rihanna",72,128,"","Loud",2010-11-16,04:03,77,68,1,0,83,0,10,-5,C♯/D♭ Major,4,2025-08-11,0C4ejWmOTMv8vuYj85mf8m,3B,USUM71026591
35,"Starships","Nicki Minaj",78,125,"","Pink Friday: Roman Reloaded The Re-Up (Explicit Version)",2012-01-01,03:30,75,72,14,0,75,0,20,-2,B Minor,4,2025-08-12,2EBCVPNAG46nbgs6jXPGvv,10A,USCM51200060
36,"Doot Doot","Freur",39,168,"synthpop, new wave","Doot Doot",1983-04-17,04:03,40,40,22,61,73,0,0,-12,C Major,4,2025-08-11,6e8qhqWzPgdPMFlOuP7nuC,8B,GBBBN8300004
37,"Big Dick Energy","Lambrini Girls",47,109,"riot grrrl, queercore","Who Let The Dogs Out",2025-01-10,04:16,52,94,0,14,38,0,0,-3,A Major,4,2025-08-11,77oKfNLyXNAWYPTmpCCFNT,11B,DED622500018
38,"Lady Marmalade - From  Moulin Rouge  Soundtrack","Christina Aguilera,Lil' Kim,Mýa,P!nk",66,110,"hip hop dell'east coast, ","Moulin Rouge",2001-09-03,04:24,76,80,1,0,65,0,60,-4,F Major,4,2025-08-12,7GbqE3MlkKosIaCvf50JRK,7B,USIR10110334
39,"My Girlfriend's Girlfriend","Type O Negative",57,114,"gothic metal, rock gotico, doom metal","October Rust (Special Edition)",1996-08-19,03:48,54,76,16,91,66,0,0,-7,E Minor,4,2025-08-11,3yubyWatnRRLHkIsN1ZI2Q,9A,NLA329680049
40,"KLK","Arca,ROSALÍA",51,98,"neoperreo, sperimentale, art pop, hyperpop, latina","KiCk i",2020-06-26,03:47,80,87,6,0,85,0,70,-7,A#/B♭ Minor,4,2025-08-11,2ZFu40Ik8VsUE9H87W0MmZ,3A,GBBKS1900108
41,"Applause","Lady Gaga",78,140,"art pop, pop","ARTPOP",2013-11-11,03:32,67,78,3,0,74,0,10,-4,G Minor,4,2025-08-11,5ka2ajep9OAvU5Sgduhiex,6A,USUM71310271
42,"Ridin Round","Kali Uchis",45,120,"","Ridin Round",2015-11-02,04:36,82,79,1,0,95,0,0,-6,C♯/D♭ Minor,4,2025-08-11,4i7QbO97jhQWihsVIIQF3s,12A,GBUM71506941
43,"Wannabe","Spice Girls",80,110,"","Spice",1996-01-01,02:53,77,86,10,0,89,0,10,-6,B Major,4,2025-08-12,1Je1IMUlBXcx1Fz0WE7oPT,1B,GBAAA9600008
44,"Niente - Radio Edit","Bodam Project,Pierpaolo Capovilla",2,123,"melodic techno, minimal techno, cantautorato italiano","Niente",2025-04-18,03:42,68,64,3,58,6,0,10,-10,E Minor,4,2025-08-11,19rfTTG2XjiU7O4DIsda2x,9A,ITLCH2502224
45,"BIZCOCHITO","ROSALÍA",63,117,"latina","MOTOMAMI",2022-03-18,01:49,93,77,61,2,78,0,10,-4,C♯/D♭ Major,4,2025-08-11,4kXxEhuatrvwrTQycA7s9B,3B,USSM12109223
46,"One More Try - Remastered","George Michael",49,119,"","Ladies & Gentlemen",1998-11-09,05:50,35,30,49,0,10,0,10,-12,F Major,3,2025-08-11,6pqgDfMblvQPHEZpbU3yTT,7B,GBARL1000858
47,"M.I.L.F. $","Fergie",56,161,"","Double Dutchess",2017-09-22,02:42,77,73,1,0,71,10,0,-5,C Major,4,2025-08-11,1zDJ253HHk2TBoaO6nGUxL,8B,USUM71604730
48,"I Wish You Were Dead","Lacuna Coil",49,99,"gothic metal, metal sinfonico, rock gotico, metal","Sleepless Empire",2025-02-14,02:52,48,78,0,0,35,0,30,-4,F Minor,4,2025-08-11,0jGmBA9jESBGNHE9FK6mST,4A,GBDHC2340309
49,"Experimental Skin","Jane Remover",50,145,"hyperpop","Revengeseekerz",2025-04-04,05:00,41,90,2,0,46,10,20,-4,A#/B♭ Minor,4,2025-08-11,5pt8I0fp9O0nhdIs3GgEBo,3A,QM24S2501675
50,"Queen of the Night - Radio Edit","Whitney Houston",52,105,"","The Bodyguard - Original Soundtrack Album",1992-11-17,03:08,74,90,0,1,76,0,10,-7,C Major,4,2025-08-12,7lARcL3Gu0wKcPcQ3t9xiF,8B,USAR19200114
51,"Maneater","Nelly Furtado",83,133,"","Loose",2006-01-01,04:18,80,78,3,0,79,0,10,-5,F#/G♭ Major,4,2025-08-11,4wH4dJgrsxONID6KS2tDQM,2B,USUM70601449
52,"To Ü (feat. AlunaGeorge)","Jack Ü,Skrillex,Diplo,Aluna,AlunaGeorge",57,160,"dubstep, edm, electro, elettronica, moombahton, ","Skrillex and Diplo present Jack Ü",2015-02-24,03:57,49,93,13,0,35,40,20,-3,A#/B♭ Minor,4,2025-08-11,3UgSQu6WwrXfKKDq019IHE,3A,USAT21500551
53,"Hips Don't Lie (feat. Wyclef Jean)","Shakira,Wyclef Jean",85,100,"pop latino, ","Oral Fixation, Vol. 2 (Expanded Edition)",2005-11-28,03:40,78,82,28,0,76,0,30,-6,A#/B♭ Minor,4,2025-08-12,3d0WouFnFmr0K3kjeza3fF,3A,USSM10600677
54,"SEE U DANCE (feat. Rebecca Black)","Joey Valence & Brae,Rebecca Black",48,120,"hyperpop","SEE U DANCE (feat. Rebecca Black)",2025-08-11,02:46,87,87,3,0,69,0,20,-2,B Major,4,2025-08-12,4ck6UcrJEYV5ZUcJFYVyVN,1B,USRC12501001
55,"Shakira: Bzrp Music Sessions, Vol. 53","Bizarrap,Shakira",56,122,"trap argentina, latin trap, urbano latino, pop latino","Las Mujeres Ya No Lloran",2024-03-22,03:37,85,73,29,0,52,0,0,-5,D Minor,4,2025-08-11,3MhdQkxCOkM41Q7oPFIABJ,7A,UYB282301031
56,"DARE (feat. Shaun Ryder & Roses Gabor)","Gorillaz,Shaun Ryder,Roses Gabor",83,120,"","Demon Days",2005-05-23,04:04,76,89,2,9,97,0,30,-6,B Minor,4,2025-08-12,4Hff1IjRbLGeLgFgxvHflk,10A,GBAYE0500178
57,"Ei Raat Tomar Amar","Hemant Kumar",24,88,"pop bangla, ghazal, pop marathi","Deep Jwele Jai (Original Motion Picture Soundtrack)",1959-12-31,03:01,36,14,93,47,39,0,10,-20,C♯/D♭ Minor,4,2025-08-19,70eNH826mDO58WB3Zb8OR9,12A,INH100367770
58,"Las Divinas","Las Divinas",30,112,"","Atrévete A Soñar",2009-01-01,01:50,80,80,16,0,94,10,10,-4,B Minor,4,2025-08-19,7zaqDzUx3GyMo4NRQCZUqz,10A,MXUM70901149
59,"Montagem Nada Tropica","Eternxlkz",60,121,"phonk, phonk brasiliano","Montagem Nada Tropica",2025-04-18,01:59,83,85,16,61,52,0,0,-5,G Major,4,2025-08-19,2x4vosoh0XbtWgD6cqCLgh,9B,QM6P42502990
60,"Pega a Voga, Cabeludo","Gilberto Gil",15,136,"mpb, bossa nova, forró tradicional, samba, iazz brasiliano","Gilberto Gil (1968)",1968-01-01,04:44,58,94,15,0,96,0,60,-4,C Major,4,2025-08-23,6AbradIfQTsIxHO5tUGhD4,8B,BRUM70500511
61,"SHYNESS BOY","Anri",60,120,"city pop, j-pop, kayokyoku","Timely!!",1983-12-05,03:16,77,78,14,0,87,0,10,-5,C♯/D♭ Minor,3,2025-08-19,7KYzARBusZhyZ6jygZDmVr,12A,JPFL08310280
62,"DotA - Radio Edit","Basshunter",60,140,"eurodance, europop","Now You're Gone - The Album",2008-01-15,03:20,46,96,1,0,53,10,10,-6,C Major,4,2025-08-19,5uxYTDNKEOxcrlWyuMNjaM,8B,SEPQA0651310
63,"La vie à 2","Manu Chao",48,158,"latina alternativa","Clandestino",1998-10-06,03:00,70,61,79,0,59,0,10,-9,F Minor,3,2025-08-19,3yM2nErrfkUTNomdVlmL9V,4A,FRZ189800023
64,"Apho","Alfa Mist,Bongeziwe Mabandla",24,84,"nu jazz, jazz rap, jazz fusion, jazz, indie jazz, soul afro, afropop","Variables",2023-04-21,02:58,26,47,1,0,16,0,10,-13,A Minor,3,2025-08-19,6EMP27Iax2P3LrfFggIt1c,8A,USEP42254007
65,"ANDIAMO","Ardian Bujupi,Capital T",48,102,"hip hop tedesco, ","ANDIAMO",2017-07-28,03:04,87,69,55,0,81,10,0,-4,G Major,4,2025-08-19,0GIQeAELQSy10NHp3AUE0L,9B,DE-TO4-17-32893
66,"Dernière danse","Indila",78,115,"pop francese","Mini World",2014-01-01,03:33,67,45,18,0,33,0,0,-8,C Minor,4,2025-08-19,65uoaqX5qcjXZRheAj1qQT,5A,FRUM71301049
67,"Riquiquí","Arca",39,90,"neoperreo, sperimentale, art pop, hyperpop","KiCk i",2020-06-26,02:39,48,80,3,0,60,40,80,-8,C♯/D♭ Major,3,2025-08-19,3S9aIzgHKk5IsyVCsIymIq,3B,GBBKS1900104
68,"Зима в сердце","Moya Mishel",46,108,"","Зима в сердце",2021-07-30,04:05,65,76,10,0,60,0,20,-5,F Minor,4,2025-08-19,0hcvwkxhxlIRdeLb1dWJBT,4A,FRX282158497
69,"Gangnam Style (강남스타일)","PSY",75,132,"k-pop","Gangnam Style (강남스타일)",2012-01-01,03:39,73,94,0,0,75,20,0,-3,B Minor,4,2025-08-19,03UrZgTINDqvnUMbbIMhql,10A,USUM71210283
70,"Dragostea din tei","O-Zone",70,130,"europop, eurodance","DiscO-Zone",2004-02-23,03:35,80,97,18,0,68,0,0,-4,C Major,4,2025-08-19,52Zr0sinhWTCRrQhRRY4EP,8B,ROMSA0600487
71,"Vértükör","Rothadás",9,176,"death metal, doom metal","Töviskert… a kísértés örök érzete… lidércharang",2025-03-21,07:32,16,98,0,79,9,0,10,-5,C♯/D♭ Minor,4,2025-08-19,6UDLl5lVzMMe4hCpk1v3e3,12A,QZHN92528571
72,"Doomad","Shahram Shabpareh",31,126,"","Dance Party, Vol 6 - Persian Music",1998-12-23,06:00,71,42,10,0,53,10,10,-15,C Major,4,2025-08-19,3dSQT6f7Tv1h2sqJszJaum,8B,USBMF9824164
73,"Jerusalema (feat. Nomcebo Zikode)","Master KG,Nomcebo Zikode",71,124,"amapiano, gqom, afrobeats, ","Jerusalema",2020-01-24,05:42,88,48,2,0,83,0,0,-7,C♯/D♭ Major,4,2025-08-19,2MlOUXmcofMackX3bxfSwi,3B,ZA82Y1900130
74,"Les Cactus","The Last Shadow Puppets",22,130,"pop barocco","The Dream Synopsis",2016-12-02,03:20,32,87,1,0,40,10,80,-6,B Minor,4,2025-08-19,5NYbpv0lFOHfQZGUOD5oUh,10A,GBCEL1600383
75,"Utrennyaya gimnastika","Vinicio Capossela",10,112,"cantautorato italiano, cantautorato","Rebetiko Gymnastas",2012-06-12,02:38,89,46,64,0,97,10,10,-11,A Major,5,2025-08-19,2haSsVAgpi5jW7IHEd8Eza,11B,ITBY01200003
76,"Eva (Kavkaz remix)","Vintage,Bedanokov,Люай",56,125,"","Eva (Kavkaz remix)",2025-06-26,02:22,65,93,12,0,45,0,0,-4,C♯/D♭ Minor,4,2025-08-19,71qalyQy27kGUqX84aBipO,12A,RUAGT2521189
77,"Ave Maria - Schubert","Hannah Holgersson",49,141,"","Ave Maria",2012-12-11,05:22,25,5,99,78,5,0,10,-21,A#/B♭ Major,4,2025-08-19,46DZCruzZuDWYinEI25UPo,6B,SE3QX1200202
78,"Fogh In Nakhal - 2008 Remaster","Franco Battiato,Abdul Halim Sabra",14,110,"cantautorato italiano, cantautorato, ","Caffé De La Paix (2008 Remastered Edition)",1993-00-00,03:33,52,62,56,0,40,0,30,-8,A#/B♭ Minor,4,2025-08-19,6hiih2QMbG6eUbEMwKNzCB,3A,ITD000800153
79,"Tunak Tunak Tun","Daler Mehndi",56,150,"bhangra, bollywood","Tunak Tunak Tun",1998-02-28,05:03,79,98,53,0,69,10,0,-6,A#/B♭ Major,4,2025-08-19,131yybV7A3TmC34a0qE8u8,6B,INM129800401
80,"Sonne","Rammstein",77,75,"industrial metal, metal, industrial rock, industrial","Mutter",2001-04-02,04:32,51,92,1,0,31,0,40,-5,E Minor,4,2025-08-19,3gVhsZtseYtY1fMuyYq06F,9A,DEN120003766
81,"Leviatan","Dalila Kayros",4,90,"avant-garde","Khthonie",2025-04-04,02:59,77,67,4,43,57,0,0,-8,F#/G♭ Minor,4,2025-08-19,5XusfziashAhle5LwVQC1Y,11A,ITM462500011
82,"Heaven Knows I'm Miserable Now - 2011 Remaster","The Smiths",80,114,"new wave, madchester, jangle pop","Hatful of Hollow",1984-00-00,03:35,61,76,3,0,77,0,10,-5,F#/G♭ Major,4,2025-08-25,1xaTREM89RbIxkcjlpf4Uw,2B,GBCRL1100070
83,"I Dreamed A Dream - From  Les Misérables ","Anne Hathaway",50,93,"musical","Les Misérables: The Motion Picture Soundtrack Deluxe (Deluxe Edition)",2013-01-01,04:37,27,7,94,0,15,0,0,-17,A#/B♭ Major,4,2025-08-25,2rPbBONzBW14kNvVF9Qy7E,6B,GBUM71207810
84,"Break Stuff","Limp Bizkit",83,109,"nu metal, rap metal, metal alternativo, rap rock","Significant Other",1999-00-00,02:46,43,88,1,0,62,10,10,-7,G#/A♭ Major,4,2025-08-25,5cZqsjVs6MevCnAkasbEOX,4B,USIR19902309
85,"Una cosa stupida","i cani",39,173,"indie","Aurora",2016-01-29,03:23,69,35,67,0,28,0,0,-9,C♯/D♭ Minor,4,2025-08-25,2E7KGurNDw1b5nSLyjuPuP,12A,IT3GN1500106
86,"Devil Trigger","Casey Edwards",62,160,"vgm giapponese","DEVIL MAY CRY 5 Original SoundTrack",2019-03-20,06:45,50,93,0,39,36,20,10,-7,F#/G♭ Major,4,2025-08-25,5luCaDrc2ttzEjNp4ivaW0,2B,JPE101803310
87,"What Is This Feeling?","Ariana Grande,Cynthia Erivo",70,152,"pop, musical","Wicked: The Soundtrack",2024-11-22,03:48,61,48,69,0,64,10,10,-9,C♯/D♭ Major,4,2025-08-25,7eGuPhpdS8sBjPJNuAShUX,3B,USUG12407077
88,"People = Shit","Slipknot",68,122,"nu metal, metal, metal alternativo, rap metal, heavy metal","Iowa (10th Anniversary Edition)",2001-00-00,03:35,46,100,0,0,14,20,10,-3,B Minor,4,2025-08-25,0Y2i84QWPFiFHQfEQDgHya,10A,NLA320119546
89,"My Demons","STARSET",71,173,"","Transmissions (Deluxe Version)",2014-00-00,04:48,27,65,1,0,10,0,10,-6,F Minor,4,2025-08-25,3Xfg7AegXaDLoD5GOUMf2e,4A,USRZR1460007
90,"abcdefu (angrier)","GAYLE",64,122,"","abcdefu (angrier)",2021-09-24,02:39,67,60,7,0,45,0,10,-6,E Major,3,2025-08-25,1EQFOouqdKYdpbNoOHRVO2,12B,USAT22105185
91,"The Pot","TOOL",71,107,"progressive metal, metal alternativo, rock progressivo, metal","10,000 Days",2006-04-28,06:21,47,79,0,37,47,0,20,-7,G Major,4,2025-08-25,1lATXTBJDHwawvT1UfxWu3,9B,USVR10600023
92,"The Gentle Art of Making Enemies - 2016 Remaster","Faith No More",44,170,"funk rock, metal alternativo, rap metal, grunge","King for a Day, Fool for a Lifetime (2016 Remaster; Deluxe Edition)",1995-00-00,03:28,41,94,5,7,33,10,20,-6,B Major,4,2025-08-25,66uYWEw9gJxkPw6STqNcKl,1B,GBAHT1600112
93,"Kill All the White People","Type O Negative",38,95,"gothic metal, rock gotico, doom metal","Bloody Kisses (Top Shelf Edition)",1994-05-10,03:24,32,88,0,27,31,0,0,-9,C♯/D♭ Major,4,2025-08-27,4DuE7W3HEq037BuHzas2Ym,3B,NLA329300700
94,"Bust Your Windows","Glee Cast",53,110,"natale","Glee: The Music, Volume 1",2009-11-02,04:20,41,77,61,0,73,10,0,-5,G Minor,4,2025-08-25,3ubGHUhPi5x7RSHqWXseq8,6A,USQX90900413
95,"Be Quiet and Drive (Far Away)","Deftones",79,93,"nu metal, metal alternativo, rap metal, shoegaze, rock","Around the Fur",1997-10-27,04:59,21,97,0,83,17,0,30,-5,C♯/D♭ Major,4,2025-08-25,4Uiw0Sl9yskBaC6P4DcdVD,3B,USMV29700147
96,"Breaking Point","Dead by April",34,147,"metalcore","Worlds Collide",2017-04-07,03:48,36,92,0,14,30,20,10,-5,E Minor,4,2025-08-27,4uUQRXBBqtUNstHF4q5L4u,9A,SEUM71601746
97,"Non farò mai quello che vuoi","Skiantos",14,126,"cantautorato italiano","Kinotto",2003-10-01,03:02,85,93,13,0,96,0,0,-5,C Major,4,2025-08-25,1APdUsdl29A5KAqsVTMh2s,8B,FR6V80310566
98,"The Winner Takes It All - From  Mamma Mia! ","Meryl Streep",69,125,"musical","Mamma Mia! The Movie Soundtrack",2008-01-01,04:57,43,38,68,0,25,0,10,-8,F Major,4,2025-08-25,4uytiW8D73yWQHkg1PzYlB,7B,GBUM70809223
99,"Fuck You","Lily Allen",56,130,"","It's Not Me, It's You",2009-01-26,03:39,78,90,3,0,84,0,0,-4,C♯/D♭ Minor,4,2025-08-25,6ylAVPbjRQoNY0khgh63Jf,12A,GBAYE0802265
100,"Spacco Tutto","Club Dogo",38,142,"trap italiana","Che Bello Essere Noi",2010-01-01,03:45,70,66,5,0,76,20,30,-7,C♯/D♭ Major,4,2025-08-25,0RQXlRyDO2zsAnO9QxAeNQ,3B,ITUM71002960
101,"War is the Answer","Five Finger Death Punch",40,184,"metal, groove metal, heavy metal, hard rock, rock","War is the Answer",2009-09-22,03:18,50,96,0,1,40,10,10,-4,B Minor,4,2025-08-27,0UTCSheV2ceAXo6fpPMptn,10A,US5Z50900007
102,"Scusa - prod. thasup","Mara Sattei",30,98,"trap italiana","Scusa (prod. thasup)",2021-04-09,03:02,73,67,57,0,68,0,10,-5,A#/B♭ Minor,3,2025-08-25,7uBlznv2TJpvjHCzY7K8wO,3A,ITB002100223
103,"Non, je ne regrette rien","Édith Piaf",67,87,"chanson, variété française, jazz francese","Eternelle",1987-10-31,02:22,38,35,86,0,44,0,10,-7,G Major,4,2025-08-25,3dkIE8P7hvl3tHl9KSb6dA,9B,FRZ116000530
104,"I'm Still Standing","Elton John",82,177,"","Too Low For Zero",1983-05-30,03:03,51,90,36,12,77,10,10,-7,F#/G♭ Major,4,2025-08-25,1jDJFeK9x3OZboIAHsY9k2,2B,GBALX8300190
105,"The Kill","Thirty Seconds To Mars",79,183,"","A Beautiful Lie",2005-08-16,03:51,18,91,0,0,29,0,50,-4,E Minor,3,2025-08-25,0lP4HYLmvowOKdsQ7CVkuq,9A,USVI20500136
106,"Fuck the System","System Of A Down",61,171,"nu metal, metal, metal alternativo, rap metal, rock","Steal This Album!",2002-11-26,02:12,47,99,0,12,84,10,30,-2,G#/A♭ Major,4,2025-08-25,5hjKYe3NOmWx2NVzVAeIGF,4B,USSM10213321
107,"Twilight","bôa",71,187,"","Twilight",2001-03-21,03:48,39,83,16,0,38,10,10,-8,B Minor,4,2025-09-03,6d67Xv8ms2noA8wWFLiPDN,10A,USCGJ0659338
108,"cardigan","Taylor Swift",86,130,"","folklore",2020-07-24,03:59,61,58,54,0,55,0,20,-9,C Minor,4,2025-09-01,4R2kfaDFhslZEMJqAFNpdd,5A,USUG12002836
109,"Impressioni di settembre","Franco Battiato",25,162,"cantautorato italiano, cantautorato","Fleurs 3",2002-08-30,03:40,33,60,23,0,30,0,20,-6,C Major,4,2025-09-05,7xsDSbTaQnONSMV4ahM6aC,8B,ITM000200224
110,"Blue Ridge Mountains","Fleet Foxes",50,98,"indie folk, folk, indie","Fleet Foxes",2008-06-09,04:25,52,45,69,0,27,0,10,-8,G#/A♭ Minor,4,2025-09-02,1rk9eGO7AkPX1oafUuOnGs,1A,GBBRP0816710
111,"Wake Me up When September Ends","Green Day",81,105,"punk, pop punk","American Idiot",2004-09-21,04:45,55,81,2,0,15,0,10,-5,G Major,4,2025-09-06,3ZffCQKLFLUvYM59XKLbVm,9B,USRE10400992
112,"we fell in love in october","girl in red",84,130,"bedroom pop","we fell in love in october / October Passed Me By",2018-11-21,03:04,57,37,11,18,24,0,10,-13,G Major,4,2025-09-01,6IPwKM3fUUzlElbvKw2sKl,9B,GBKPL1828677
113,"September Sun","Type O Negative",45,125,"gothic metal, rock gotico, doom metal","Dead Again",2007-03-13,09:47,26,73,6,1,20,0,20,-6,F#/G♭ Major,4,2025-09-05,5RNfGG48vPGMPQnV6F7x30,2B,DEA450702200
114,"Eyes on Fire","Blue Foundation",68,145,"","Life Of A Ghost",2007-09-24,05:02,54,38,67,0,37,0,10,-10,D#/E♭ Minor,4,2025-09-06,3XHrTm6WE2BOHafLwTT3GR,2A,DKABA0700900
115,"In the Aeroplane Over the Sea","Neutral Milk Hotel",65,94,"anti-folk, folk punk","In the Aeroplane Over the Sea",1998-02-20,03:22,27,71,39,0,24,0,10,-5,G Major,3,2025-09-02,5rfT032kGmLvbxZzfHlu5D,9B,USMRG0316017
116,"I Can't Say No! - Broiler Remix","Lea Rue,Broiler",11,128,"pop norvegese, russelåter","I Can't Say No!",2015-00-00,03:24,73,59,14,0,23,0,10,-9,B Minor,4,2025-09-03,1fYFSYF2YEysxnuOgW1wji,10A,BEK011500184
117,"Summertime Sadness","Within Temptation",44,118,"metal sinfonico, gothic metal, rock gotico, power metal, metal","The Q-Music Sessions",2013-04-19,04:06,59,93,0,0,50,0,20,-5,F Minor,4,2025-09-06,0tVxMtLxFlc6y4xSX41vKX,4A,NLR261200106
118,"Cocaine Sunday","Eyedress",64,154,"","Sensitive G",2018-11-16,02:48,54,77,1,82,43,0,10,-6,E Major,4,2025-09-03,5HzrX4aKVfb1NQCsaqf6R0,12B,GBMYF1800060
119,"Space Song","Beach House",74,147,"dream pop","Depression Cherry",2015-08-28,05:20,51,79,23,14,61,0,10,-7,C Minor,4,2025-09-02,1ZgMsA55GIY7ICkQh5MILA,5A,USSUB1512203
120,"Cinnamon Girl","Type O Negative",35,99,"gothic metal, rock gotico, doom metal","October Rust",1996-08-19,04:08,48,91,13,78,47,0,10,-6,C♯/D♭ Major,4,2025-09-06,1z9rTmGfW46p4eXimajRwV,3B,NLA329680047
121,"Nothing's New","Rio Romeo",79,96,"","Good God!",2022-09-23,03:31,42,39,86,0,40,0,10,-8,B Major,3,2025-09-01,0EF1EE8zusg3Y869e56JFd,1B,UK6KW2200112
122,"The Humbling River","Puscifer",47,144,"industrial rock","C Is For (Please Insert Sophomoric Genitalia Reference Here)",2009-11-10,05:05,55,33,80,1,3,0,10,-13,E Minor,4,2025-09-06,4RqukTe8L59wgiO6fzHvzf,9A,USTCZ0970947
123,"Mayonaise - 2011 Remaster","The Smashing Pumpkins",48,146,"rock alternativo, rock","Siamese Dream (2011 - Remaster)",1993-07-27,05:48,48,53,0,55,9,0,0,-10,A#/B♭ Major,4,2025-09-02,0AJTKW9fVFo3rIXbtTVE3T,6B,USVI21100154
124,"Weapon","CAZZETTE",24,128,"edm","Eject",2014-01-21,03:09,70,85,15,0,81,0,0,-3,D#/E♭ Major,4,2025-09-03,15oFmTbu6JDyWGMRhGyOst,5B,CH3131340157
125,"Enjoy the Silence","Depeche Mode",44,113,"new wave, synthpop, darkwave","Violator",1990-03-19,06:12,61,59,36,2,23,0,10,-12,C Minor,4,2025-09-06,4U21h8AueaOxQ30agnDk6R,5A,GBAJH0600292
126,"End of Beginning","Djo",89,160,"","DECIDE",2022-09-16,02:39,69,45,4,0,91,0,0,-8,D Major,4,2025-09-01,3qhlB30KknSejmIvZZLjOD,10B,GBKPL2205058
127,"Mushroom Men","Les Claypool",24,120,"funk rock, jam band","Of Fungi And Foe",2009-03-17,03:12,76,98,19,57,26,0,10,-7,C♯/D♭ Major,4,2025-09-05,1JyP5hSjws03QtKMAYg8O3,3B,USPS20801401
128,"Love Like Blood","Killing Joke",51,125,"post-punk, rock gotico, industrial rock, new wave, industrial metal, darkwave, deathrock, industrial, cold wave","Laugh? I Nearly Bought One!",1992-01-01,04:25,42,65,3,1,43,0,40,-11,G Minor,4,2025-09-06,6VzXOkU7pVXaVMR6e4hRAg,6A,GBAAA8500023
129,"Cinnamon Girl","Lana Del Rey",86,92,"","Norman Fucking Rockwell!",2019-08-30,05:00,29,34,81,41,14,0,10,-11,F#/G♭ Minor,5,2025-09-01,2mdEsXPu8ZmkHRRtAdC09e,11A,GBUM71903147
130,"THINGS BEHIND THINGS BEHIND THINGS","Bon Iver",59,157,"","SABLE, fABLE",2025-04-11,03:20,41,47,73,1,38,0,0,-9,A Major,4,2025-09-02,0k4XDoI1iCB3fV2RstqiYA,11B,US38Y2446605
131,"September","Earth, Wind & Fire",74,126,"funk, disco","The Best Of Earth, Wind & Fire Vol. 1",1978-11-23,03:35,70,83,17,0,98,0,20,-7,A Major,4,2025-09-03,2grjqo0Frpf2okIBiifQKs,11B,USSM17800845
132,"Everybody (Backstreet's Back) - Radio Edit","Backstreet Boys",40,108,"","90s 100 Hits",2014-11-28,03:45,73,73,5,0,65,0,10,-8,A#/B♭ Minor,4,2025-09-07,4oc0XA7UehlFOuFz4HHjvn,3A,USJI19710083
133,"Harder, Better, Faster, Stronger","Daft Punk",72,123,"french touch, elettronica, electro","Discovery",2001-03-12,03:46,82,72,4,0,69,10,30,-9,F#/G♭ Minor,4,2025-09-07,5W3cjX2J3tjhG8zb6u0qHn,11A,GBDUW0000059
134,"9 PM (Till I Come) - Radio Edit","ATB",46,130,"trance","9 PM (Till I Come)",1998-10-26,03:19,67,94,2,93,76,0,0,-6,A Minor,4,2025-09-07,5oRcArT4YUU0hAo5EzNW3u,8A,DEN069900066
135,"Desert Rose","Sting,Cheb Mami",65,112,"soft rock, raï, gnawa, pop marocchino, chaabi marocchino, chaabi algerino","Brand New Day",1999-09-24,04:45,59,66,1,0,15,0,10,-8,C Minor,4,2025-09-07,3zYufmyv6HOuiHn1eMR6Ja,5A,USIR19902517
136,"Enter Sandman - Radio Edit","Metallica",31,124,"metal, thrash metal, rock, heavy metal, hard rock","Metallica (Remastered Deluxe Box Set)",2021-09-10,04:02,59,81,0,0,64,0,0,-9,F#/G♭ Minor,4,2025-09-07,7gYlDaUF6BKNpgACrKxUdK,11A,QMKHM1900100
137,"Falling Away from Me","Korn",75,104,"nu metal, metal, rap metal, metal alternativo","Issues",1999-11-09,04:30,47,77,0,0,17,0,20,-7,E Major,4,2025-09-08,2F6FfZ4w8z3eJpSxPotVO5,12B,USSM19922479
138,"Stereo Love","Edward Maya,Vika Jigulina",63,127,"","The Stereo Love Show",2012-12-18,04:07,78,78,3,2,36,0,0,-5,A Major,4,2025-09-07,3lYLrCyDzd7WN7mN4T9AkX,11B,ROCMA0901964
139,"Tutto L'Universo Obbedisce All'Amore","Franco Battiato,Carmen Consoli",40,102,"cantautorato italiano, cantautorato","Fleurs 2",2008-01-01,03:27,72,55,45,0,51,0,10,-7,A Minor,4,2025-09-07,7suGB3VzLZa3WoiPMcFdcz,8A,ITUM70801355
140,"Bad Romance","Lady Gaga",84,119,"art pop, pop","The Fame Monster (Deluxe Edition)",2009-11-05,04:54,70,92,0,0,71,0,0,-4,C Major,4,2025-09-07,0SiywuOBRcynK0uKGWdCnn,8B,USUM70918596
141,"Infinity","Datura,U.S.U.R.A.",30,150,"italo dance, eurodance, hip house","Datura Collection",2009-07-01,05:25,56,85,3,24,55,0,10,-11,G#/A♭ Minor,4,2025-09-07,0YTHsOhwVg5cKdKvlADd8v,1A,ITC949300012
142,"World Hold On (Children of the Sky) - Radio Edit","Bob Sinclar,Steve Edwards",76,127,"french touch, disco house, ","World Hold On (Children of the Sky) [Radio Edit]",2006-06-06,03:19,74,93,8,0,63,0,20,-2,G#/A♭ Minor,4,2025-09-09,3HGwI9qwq5XqBDeZBV3zti,1A,FR4E41811690
143,"I'm with You","Avril Lavigne",77,152,"","Let Go",2002-06-04,03:43,46,41,8,0,21,0,10,-7,A Major,3,2025-09-07,1jlG3KJ3gdYmhfuySFfpO1,11B,USAR10200224
144,"Postcards","James Blunt",56,100,"","Moon Landing",2013-10-16,04:46,72,62,57,0,68,0,20,-8,B Major,4,2025-09-07,0nS5Sgk5fMGT8dUC1L7OvG,1B,GBAHS1300320
145,"Into the Sun","The Parlor Mob",32,76,"blues rock, blues moderno","Dogs (Special Edition)",2011-10-10,03:03,51,93,0,0,63,0,20,-3,A#/B♭ Major,4,2025-09-07,1gAu1GvVR0iMkCJCCzLr6o,6B,NLA321191511
146,"This Love","Maroon 5",84,95,"pop","Songs About Jane: 10th Anniversary Edition",2002-00-00,03:26,71,86,5,0,81,0,0,-5,F Minor,4,2025-09-07,6ECp64rv50XVz93WvxXMGF,4A,USJAY0300080
147,"Burnin' Up","Jonas Brothers",0,114,"","A Little Bit Longer",2008-08-12,02:55,67,95,3,0,81,0,30,-3,D Major,4,2025-09-07,72jGj8k9C7DIQesDYenUT3,10B,USHR10823884
148,"Bring the Noise","Public Enemy,Benny Benassi",35,130,"old school hip hop, hip hop dell'east coast, hip hop, hardcore hip hop, electro house","Made In Chicago",2008-00-00,03:43,81,72,11,0,53,30,10,-5,B Major,4,2025-09-09,6Le4D98HYcYw23Ik2y0G5V,1B,USUS10800178
149,"Latch","Disclosure,Sam Smith",82,122,"musica house, soft pop","Settle (Special Edition)",2013-06-03,04:15,50,73,2,0,53,10,0,-5,C♯/D♭ Major,4,2025-09-07,51ODNNDZm21HU7wI7cccRr,3B,GBUM71302810
150,"My Land","Sonata Arctica",40,185,"power metal, metal sinfonico, speed metal, progressive metal, metal, folk metal","Ecliptica (International Version)",1999-01-01,04:37,16,94,0,0,47,0,0,-4,D#/E♭ Minor,4,2025-09-07,3IwGCc9pW94ZoHA1aO0WiD,2A,FISFS9900083
151,"Freeee (Ghost Town Pt. 2)","KIDS SEE GHOSTS,Ty Dolla $ign",55,152,"trap soul","KIDS SEE GHOSTS",2018-06-08,03:26,33,81,0,0,31,0,10,-5,A Minor,4,2025-09-09,7GRTrWsP3yo2Fx8umJfA1X,8A,USUM71808248
152,"Love Me","The 1975",49,97,"","I like it when you sleep, for you are so beautiful yet so unaware of it",2016-02-26,03:42,63,80,1,0,91,0,60,-3,C Minor,4,2025-09-07,2HklyUw3TR56nVyVJAIhw5,5A,GBK3W1500404
153,"The Longest Wave","Red Hot Chili Peppers",58,148,"funk rock, rock alternativo, rock","The Getaway",2016-06-17,03:31,48,51,32,0,34,0,10,-6,G#/A♭ Major,4,2025-09-07,0pjCkLjbgSLn5c0Ilwuv8z,4B,USWB11600619
154,"Fire Meet Gasoline","Sia",59,176,"","1000 Forms Of Fear",2014-07-04,04:01,42,76,1,0,33,0,10,-3,F Minor,3,2025-09-07,3Rw6shHCDFRWv3g2WmEFKv,4A,USRC11400978
155,"Finesse","Bruno Mars",73,105,"","24K Magic",2016-11-17,03:11,74,80,1,0,94,0,0,-5,F Minor,4,2025-09-07,5XMkENs3GfeRza8MfVAhjK,4A,USAT21602952
156,"Wireless","Within Temptation",36,91,"metal sinfonico, gothic metal, rock gotico, power metal, metal","Bleed Out",2023-10-20,04:41,48,89,1,1,24,0,20,-4,G#/A♭ Minor,4,2025-09-07,78Ywl1ORADMqkGNJKrpnbL,1A,NLR262300001
157,"GIOVANNA HARDCORE","M¥SS KETA",19,126,"","GIOVANNA HARDCORE",2020-08-27,03:06,84,72,1,2,84,0,10,-7,A Minor,4,2025-09-08,3f2o6TEwCjagPiapt77Hia,8A,ITUM72000883
158,"Spirit Season","Blank Banshee",15,126,"vaporwave, chillwave","4D",2023-08-20,02:07,46,89,1,66,4,0,10,-6,G Minor,4,2025-09-07,5fBRCfXoHaoaBBjrGarTqx,6A,USMH92361080
159,"Blinding Lights","The Weeknd",89,171,"","After Hours",2020-03-20,03:20,51,73,0,0,33,0,0,-6,C♯/D♭ Major,4,2025-09-07,0VjIjW4GlUZAMYd2vXMi3b,3B,USUG11904206
160,"Swarm Mode","Dead by April",30,160,"metalcore","The Affliction",2024-01-26,03:50,26,95,0,0,15,20,40,-4,B Minor,4,2025-09-07,4LqBBcTcyLYdZgjFVDxvE0,10A,QMFMG2371516
161,"Oh Such A Spring","Fontaines D.C.",49,141,"post-punk","A Hero's Death",2020-07-31,02:32,56,24,73,0,15,0,0,-12,F#/G♭ Major,3,2025-09-09,3C9aSREn5Di1godYOJDKvi,2B,USBQU1900227
162,"Pink Pony Club","Chappell Roan",85,107,"","The Rise and Fall of a Midwest Princess",2023-09-22,04:18,61,65,40,0,51,0,10,-6,F#/G♭ Major,4,2025-09-14,1k2pQc5i348DCHwbn5KTdc,2B,USAT22001300
163,"Father Stretch My Hands Pt. 1","Kanye West",78,113,"rap","The Life Of Pablo",2016-06-10,02:15,72,57,12,0,44,0,50,-4,G Major,4,2025-09-14,4KW1lqgSr8TKrvBII0Brf8,9B,USUM71603067
164,"Fade to Black","Sonata Arctica",35,130,"power metal, metal sinfonico, speed metal, progressive metal, metal, folk metal","Takatalvi",2009-01-01,05:43,52,64,2,22,10,0,10,-8,D#/E♭ Minor,4,2025-09-17,4xG6zay5XkvdH9DpYpNMMv,2A,FIUM70901269
165,"Fear Of A Blank Planet - 2024 Remaster","Porcupine Tree",22,162,"rock progressivo, progressive metal, art rock, space rock","Fear Of A Blank Planet (2024 Remaster)",2007-04-16,07:28,37,49,0,43,27,0,30,-16,C Minor,3,2025-09-14,2qmdbsf4SizRiXKJUfhQke,5A,GBCQV2400397
166,"Green Man","Type O Negative",44,115,"gothic metal, rock gotico, doom metal","October Rust (Special Edition)",1996-08-19,05:47,47,83,13,25,38,0,40,-7,C♯/D♭ Major,4,2025-09-15,0aauEuObcI2mG3hSv0mh6k,3B,NLA329680045
167,"Sh-Boom","The Chords",60,137,"doo-wop","Complete Discography",1954-12-02,02:27,67,47,78,0,88,0,10,-9,F Major,4,2025-09-14,6IIqWBHaHYbC8E16FrxLuX,7B,DEXO32235322
168,"Pink Skies","Zach Bryan",83,85,"country, red dirt","Pink Skies",2024-05-24,03:14,53,49,19,0,25,0,10,-7,C Major,4,2025-09-14,4ZJ4vzLQekI0WntDbanNC7,8B,USWB12401947
169,"The Grass Is Green","Nelly Furtado",31,84,"","Folklore",2003-11-23,03:50,61,83,1,0,53,0,10,-4,C Minor,4,2025-09-15,1WZLjHYCwiK9IAAIZY4gHP,5A,USDW10300652
170,"Watching T.V.","Magdalena Bay",55,140,"","Imaginal Disk",2024-08-23,04:05,58,65,9,11,47,0,10,-9,F#/G♭ Major,4,2025-09-14,6ztdBhTNo6GFk0WlYU1jzM,2B,USQE92400101
171,"Black No. 1 (Little Miss Scare -All)","Type O Negative",62,94,"gothic metal, rock gotico, doom metal","Bloody Kisses (Top Shelf Edition)",1994-05-10,11:15,35,70,4,0,42,0,10,-9,E Major,4,2025-09-17,710B9xFjNOisQtKtppZE9p,12B,NLA329300680
172,"Crystal Ball","Verdena",24,108,"","Volevo Magia",2022-09-23,02:54,55,88,0,64,76,0,30,-6,B Minor,5,2025-09-15,4rJZeYt6ArHcnPova0Hgtw,10A,ITUM72201171
173,"Delilah (pull me out of this)","Fred again..,Delilah Montagu",71,134,"stutter house, musica house, ","Actual Life 3 (January 1 - September 9 2022)",2022-10-28,04:10,69,83,14,0,59,20,30,-8,A#/B♭ Major,4,2025-09-14,5w9upngVRHNjdZcRC7Xxr2,6B,GBAHS2201419
174,"Welcome To The Disco","Yung Bae,Macross 82-99",42,128,"vaporwave, city pop, nu disco","Bae 5",2019-06-28,03:15,70,69,0,80,72,10,20,-5,F#/G♭ Major,4,2025-09-14,6NT76Qk0fQCjPZecFgMIl5,2B,GBKPL1956098
175,"Paint It, Black","Ciara",53,123,"","Paint It, Black",2015-10-09,03:54,63,62,19,0,8,0,10,-8,G#/A♭ Major,4,2025-09-17,2VP6E3tkWSbD2uHBioBDLp,4B,USSM11507957
176,"Barbie World (with Aqua) [From Barbie The Album]","Nicki Minaj,Ice Spice,Aqua",69,144,"europop, eurodance","Barbie World (with Aqua) [From Barbie The Album]",2023-06-23,01:49,77,58,52,0,75,20,20,-8,C Major,4,2025-09-14,741UUVE2kuITl0c6zuqqbO,8B,USAT22306213
177,"Un Blu Sincero","Verdena",20,130,"","Endkadenz, Vol.2",2015-08-28,04:36,46,80,4,43,52,0,30,-8,F#/G♭ Minor,4,2025-09-14,32wF3QsYzC41cuiNKkODZw,11A,ITUM71500361
178,"Green Valley","Puscifer",46,85,"industrial rock","Conditions Of My Parole",2011-00-00,03:54,49,60,66,0,4,0,20,-7,A#/B♭ Minor,4,2025-09-15,4Tkj9L81NcKffRHi6L6bk1,3A,USKJ71100081
179,"Back In Black","AC/DC",84,188,"rock, hard rock, rock classico, rock and roll","Back In Black",1980-07-25,04:15,31,70,1,1,76,0,0,-6,A Major,4,2025-09-17,08mG3Y1vljYA6bvDt4Wqkj,11B,AUAP08000046
180,"Made You Look","Meghan Trainor",75,145,"","Takin' It Back",2022-10-21,02:14,83,52,34,0,85,0,0,-4,A#/B♭ Major,4,2025-09-14,0QHEIqNKsMoOY5urbzN48u,6B,USSM12204574
181,"Comet","L I M",18,180,"","Comet",2016-04-08,04:21,34,70,21,79,39,10,60,-10,F#/G♭ Minor,3,2025-09-14,2706bJ1IBduQztEVAMKOST,11A,ITP841600030
182,"Green Onions - 2022 Remaster","Booker T. & the M.G.'s",39,135,"","Green Onions (60th Anniversary Remaster)",1962-10-01,02:54,81,48,80,87,89,0,10,-11,A#/B♭ Major,4,2025-09-15,0LiHWulNk5Vws57m9pvo9D,6B,USAT22204867
183,"Buddy Holly","Weezer",76,121,"rock alternativo","Weezer",1994-05-10,02:39,56,92,0,0,77,0,10,-5,G#/A♭ Major,4,2025-09-14,3mwvKOyMmG77zZRunnxp9E,4B,USGF19562907
184,"Dance The Night - From Barbie The Album","Dua Lipa",80,110,"pop","Dance The Night (From Barbie The Album)",2023-05-25,02:56,67,85,2,0,78,0,30,-5,B Minor,4,2025-09-14,1vYXt7VSjH9JIM5oRRo7vA,10A,USAT22305457
185,"Black Celebration","Depeche Mode",49,154,"new wave, synthpop, darkwave","Black Celebration (Deluxe)",1986-03-17,04:56,50,69,1,0,12,0,10,-12,D Minor,4,2025-09-17,6Ufh0H4emPePwyjusICVKb,7A,GBAJH0602654
186,"Ain't No Mountain High Enough","Marvin Gaye,Tammi Terrell",82,130,"motown, soul classico, soul, northern soul, quiet storm","United",1967-08-29,02:31,66,60,43,0,80,0,10,-11,G Major,4,2025-09-14,7tqhbajSfrz2F7E1Z75ASX,9B,USMO16700534