Track URI,Track Name,Album Name,Artist Name(s),Release Date,Duration (ms),Popularity,Explicit,Added By,Added At,Genres,Record Label,Danceability,Energy,Key,Loudness,Mode,Speechiness,Acousticness,Instrumentalness,Liveness,Valence,Tempo,Time Signature
spotify:track:0K9tfzrxJyCQIf7oAlPwaK,"YA YA","COWBOY CARTER","Beyoncé",2024-03-29,274766,66,true,15ap198hsn5e4balkq3gqjv3t,2025-08-07T10:48:03Z,"","Parkwood Entertainment/Columbia",0.617,0.904,11,-5.371,1,0.341,0.317,0,0.507,0.764,151.926,4
spotify:track:4sLvxpKLvagQ4lZHUpymza,"Big Poe (feat. Sk8brd)","DON'T TAP THE GLASS","Tyler, The Creator;Pharrell Williams",2025-07-21,182401,80,true,bob_varney,2025-08-07T12:57:36Z,"","Columbia",0.711,0.71,9,-4.612,1,0.297,0.117,0,0.0875,0.567,109.975,4
spotify:track:0sMra9TqwOskuvn4eR11n3,"Тоска","Этажи","Molchat Doma",2018-09-07,189003,64,false,3172n4ykfida5xhdvoynxxppdkoa,2025-08-07T13:52:19Z,"post-punk,darkwave,cold wave,rock gotico","Sacred Bones Records",0.386,0.583,9,-5.216,1,0.0374,0.235,0.896,0.112,0.372,159.939,4
spotify:track:2kNwTLUVbnNkBKaQw0apx0,"I Can't Breathe","Worlds Collide","Dead by April",2017-04-07,241853,46,false,316ds5hibyn3gvdiaeoukbfd7one,2025-08-07T18:49:57Z,"metalcore","Universal Music AB",0.477,0.9,1,-5.204,0,0.0927,0.000834,0.0111,0.121,0.486,97.457,4
spotify:track:2nQeWDP8OA9vFqiCfghot2,"Welcome To My Island - George Daniel & Charli XCX Remix","Welcome To My Island (George Daniel & Charli XCX Remix)","Caroline Polachek;Charli xcx;George Daniel",2023-01-19,202494,53,true,velvetvals,2025-08-09T11:20:42Z,"art pop,hyperpop","Perpetual Novice",0.717,0.712,9,-6.265,0,0.0655,0.0104,0.00154,0.177,0.505,134.378,4
spotify:track:6ONyZXRIEiZWWnAA1F5YvH,"NEVER ENOUGH","NEVER ENOUGH","Turnstile",2025-04-08,287159,53,false,mralecolo,2025-08-07T11:29:11Z,"hardcore punk,hardcore","Roadrunner Records",0.186,0.625,2,-6.64,1,0.0392,0.0813,0.299,0.0929,0.0352,153.719,4
spotify:track:7ghmZhLpmQe9nTluI1czmr,"Say It","Skin","Flume;Tove Lo",2016-05-27,262521,50,true,3172n4ykfida5xhdvoynxxppdkoa,2025-08-07T13:52:22Z,"future bass","Transgressive",0.587,0.532,3,-6.834,0,0.0324,0.0684,0.00000366,0.0618,0.265,75.059,4
spotify:track:0lNhWQBiA483reJSVovSWF,"Raise Your Banner","Resist (Extended Deluxe)","Within Temptation;Anders Friden",2019-02-01,334360,45,false,316ds5hibyn3gvdiaeoukbfd7one,2025-08-07T18:52:53Z,"metal sinfonico,gothic metal,rock gotico,power metal,metal","Vertigo Berlin",0.383,0.889,1,-6.784,1,0.0986,0.000269,0.000491,0.104,0.322,173.983,3
spotify:track:77vCn7iUHH8KAOqdOe1XjY,"I'm Outta Love","Not That Kind","Anastacia",2000-05-01,242960,57,false,velvetvals,2025-08-10T18:24:13Z,"","Epic",0.759,0.712,10,-5.859,0,0.053,0.365,0,0.0989,0.652,119.439,4
spotify:track:53jnnqFSRGMDB9ADrNriCA,"Bloody Mary","Born This Way (International Special Edition Version)","Lady Gaga",2011-05-23,244760,76,false,15ap198hsn5e4balkq3gqjv3t,2025-08-07T10:48:12Z,"art pop,pop","Interscope",0.591,0.634,9,-6.365,0,0.0291,0.0107,0.00000195,0.113,0.44,99.998,4
spotify:track:7ddHGUPt5bOpVFAtX6TJN8,"Dang","Dang","Caroline Polachek",2023-10-17,164514,36,false,mralecolo,2025-08-07T11:29:33Z,"art pop","Perpetual Novice",0.817,0.375,1,-7.011,1,0.0592,0.012,0.118,0.41,0.531,134.998,4
spotify:track:66KEZm6v9PjGq477fD0r5i,"Idols Pt. I","Idols","YUNGBLUD",2025-06-20,215477,58,false,bob_varney,2025-08-07T13:03:35Z,"","Locomotion Recordings/Capitol Records",0.482,0.817,11,-3.505,1,0.0475,0.00112,0.000152,0.39,0.182,118,4
spotify:track:11Ojp7JniVvwd0gmgvyKkd,"Wrong Side of Heaven","The Wrong Side Of Heaven And The Righteous Side Of Hell, Volume 1","Five Finger Death Punch",2013-07-26,271000,66,true,316ds5hibyn3gvdiaeoukbfd7one,2025-08-07T18:53:30Z,"metal,groove metal,heavy metal,hard rock,rock","Eleven Seven",0.481,0.932,4,-4.592,0,0.083,0.00721,0,0.337,0.543,149.992,4
spotify:track:2xaaJcmvMOmpDbTwlWnjFh,"Alter Ego (with JT)","Alter Ego (with JT)","Doechii;JT",2024-03-29,204094,74,true,velvetvals,2025-08-10T20:23:15Z,"","Top Dawg Entertainment/Capitol Records",0.841,0.725,11,-5.314,0,0.0624,0.00821,0.00000215,0.519,0.731,127.047,4
spotify:track:1WmBVbFmLt0w6zPP37TeCG,"Illegal","Fancy That","PinkPantheress",2025-05-09,149666,84,false,mralecolo,2025-08-07T11:30:05Z,"bedroom pop","Warner Records",0.624,0.89,0,-5.209,0,0.0476,0.0684,0.00149,0.187,0.518,141.47,4
spotify:track:6FCfj69zzQHnrx4fTukhfo,"Bulls on Parade - triple j Like A Version","Bulls on Parade (triple j Like A Version)","Denzel Curry",2019-03-15,269485,46,true,bob_varney,2025-08-07T13:04:00Z,"","triple j",0.364,0.917,5,-7.96,1,0.18,0.000486,0.0000252,0.107,0.706,87.955,4
spotify:track:32fSZSbxeVoiZShMQKLc6Z,"My Kink Is Karma","The Rise and Fall of a Midwest Princess","Chappell Roan",2023-09-22,222578,69,false,15ap198hsn5e4balkq3gqjv3t,2025-08-07T10:48:29Z,"","Chappell Roan PS/ Island",0.555,0.599,2,-5.695,1,0.052,0.00925,0,0.102,0.415,86.727,4
spotify:track:4lQsB3ERTWSNaAN1IkuNRl,"DDU-DU DDU-DU","SQUARE UP","BLACKPINK",2018-06-15,211350,74,false,3172n4ykfida5xhdvoynxxppdkoa,2025-08-07T13:52:36Z,"k-pop","2018 YG Entertainment, distributed through Interscope Records",0.668,0.828,4,-5.034,0,0.0739,0.036,0,0.0932,0.393,140.042,4
spotify:track:7rl7ao5pb9BhvAzPdWStxi,"Telephone","The Fame Monster (Deluxe Edition)","Lady Gaga;Beyoncé",2009-08-05,220626,78,false,velvetvals,2025-08-10T20:17:59Z,"art pop,pop","Interscope",0.825,0.832,5,-5.862,0,0.0403,0.00587,0.000733,0.114,0.713,122.021,4
spotify:track:12qq70vp6hMUikpAyeyDPc,"Rush (feat. PinkPantheress & Hyunjin of Stray Kids)","Rush (feat. PinkPantheress & Hyunjin of Stray Kids)","Troye Sivan;PinkPantheress;Hyunjin",2023-08-31,172151,61,false,mralecolo,2025-08-12T09:59:54Z,"bedroom pop","EMI Recorded Music Australia Pty Ltd",0.73,0.851,5,-7.593,0,0.0758,0.00401,0.0000383,0.0973,0.377,126.043,4
spotify:track:59NraMJsLaMCVtwXTSia8i,"Prada","Prada","cassö;RAYE;D-Block Europe",2023-08-11,132359,79,true,316ds5hibyn3gvdiaeoukbfd7one,2025-08-07T18:53:54Z,"hypertechno,grime","Ministry of Sound Recordings",0.638,0.717,8,-5.804,1,0.0375,0.001,0.00000179,0.113,0.422,141.904,4
spotify:track:7KokYm8cMIXCsGVmUvKtqf,"Karma","Midnights","Taylor Swift",2022-10-21,204852,76,true,15ap198hsn5e4balkq3gqjv3t,2025-08-07T10:48:56Z,"","Taylor Swift",0.64,0.619,8,-7.108,1,0.065,0.062,0,0.475,0.121,90.008,4
spotify:track:3zmgltDHP75R25PnBgGseG,"In the Shadows","To Cross or To Burn","Venamoris;Dave Lombardo",2025-02-28,232093,6,false,bob_varney,2025-08-07T13:18:46Z,"rock progressivo,thrash metal,synthwave","Ipecac Recordings",0.58,0.67,0,-10.249,1,0.035,0.666,0.198,0.0971,0.428,129.993,4
spotify:track:4lUAlhQOVzhitQKjxrHVny,"SHYNE","JACKBOYS 2","Travis Scott;GloRilla",2025-07-13,193183,72,true,3172n4ykfida5xhdvoynxxppdkoa,2025-08-07T13:54:36Z,"rap","Cactus Jack / Epic",0.717,0.77,0,-5.45,1,0.174,0.0456,0,0.427,0.474,148.039,4
spotify:track:2fAvNWGDFwcE1DbOVtsBcx,"Festa da Carne","Acelero","Crizin da Z.O.",2024-01-18,177626,14,false,bob_varney,2025-08-07T13:09:38Z,"experimental hip hop,miami bass","QTV",0.802,0.884,2,-4.061,1,0.148,0.0211,0,0.0889,0.854,130.026,4
spotify:track:5IhtaTempjlVlPmSgI0FQS,"Storytime","Imaginaerum","Nightwish",2011-12-02,322280,58,false,316ds5hibyn3gvdiaeoukbfd7one,2025-08-07T18:55:59Z,"metal sinfonico,gothic metal,power metal,metal,folk metal,rock gotico","Nuclear Blast",0.465,0.971,5,-3.466,0,0.0749,0.00366,0.00375,0.326,0.483,156.171,4
spotify:track:0IsIY8pfu1yaGkPUD7pkDx,"Guess featuring billie eilish","Brat and it’s completely different but also still brat","Charli xcx;Billie Eilish",2024-10-11,143330,80,false,mralecolo,2025-08-07T11:32:02Z,"hyperpop,art pop","Atlantic Records",0.78,0.713,0,-4.493,1,0.0888,0.0167,0.206,0.144,0.615,130.034,4
spotify:track:4t0UsYzmmmZRMTWn77jiGF,"Show Me Love","Show Me Love","Robin S",1993-06-15,252106,72,false,3172n4ykfida5xhdvoynxxppdkoa,2025-08-07T13:55:09Z,"eurodance","Atlantic Records",0.811,0.833,5,-4.259,1,0.153,0.014,0.0000206,0.0769,0.567,120.258,4
spotify:track:19kHhX6f6EfLU7rcO3RqjO,"Back On 74","Volcano","Jungle",2023-08-11,209482,79,false,velvetvals,2025-08-10T20:38:23Z,"","Caiola Records",0.62,0.761,10,-7.282,0,0.175,0.207,0.000147,0.269,0.194,146.003,4
spotify:track:6D8y7Bck8h11byRY88Pt2z,"Houdini","Radical Optimism","Dua Lipa",2024-05-03,185917,81,false,15ap198hsn5e4balkq3gqjv3t,2025-08-07T10:49:03Z,"pop","Warner Records",0.744,0.789,9,-4.876,0,0.059,0.0036,0.00144,0.0947,0.866,116.985,4
spotify:track:3KkesrPkSGFZYXUHtk1Zfn,"TITS, LIPS, HIPS, KISS (10/10 Remix)","TITS, LIPS, HIPS, KISS (10/10 Remix)","COBRAH;VTSS;MCR-T",2024-07-12,216533,46,false,mralecolo,2025-08-11T08:12:47Z,"ballroom vogue,hyperpop,acid techno,techno,miami bass,gabber","Big Beat Records",0.763,0.682,9,-7.723,0,0.0529,0.00091,0.837,0.0704,0.739,144.996,4
spotify:track:4p4hyqRFdoiw4EMbEsqBdA,"Get Free","Free the Universe","Major Lazer;Amber of Dirty Projectors",2013-04-15,289973,58,false,3172n4ykfida5xhdvoynxxppdkoa,2025-08-11T10:00:28Z,"moombahton","Major Lazer Records",0.525,0.65,11,-6.961,0,0.0683,0.0852,0.133,0.133,0.787,175.913,4
spotify:track:0zyxL3tYZxtqgqazM0UtEm,"Schäfer","Soft Spot","Honningbarna",2025-02-28,140373,37,false,bob_varney,2025-08-11T16:58:13Z,"rock norvegese,noise rock,pop norvegese","Nye Blanke",0.196,0.995,10,-2.285,1,0.213,0.000125,0.523,0.085,0.0485,161.21,3
spotify:track:0C4ejWmOTMv8vuYj85mf8m,"S&M","Loud","Rihanna",2010-11-16,243533,72,true,316ds5hibyn3gvdiaeoukbfd7one,2025-08-11T19:05:27Z,"","Def Jam Recordings",0.767,0.682,1,-5.02,1,0.042,0.0113,0.00016,0.104,0.833,127.975,4
spotify:track:2EBCVPNAG46nbgs6jXPGvv,"Starships","Pink Friday: Roman Reloaded The Re-Up (Explicit Version)","Nicki Minaj",2012-01-01,210626,78,true,15ap198hsn5e4balkq3gqjv3t,2025-08-12T06:59:30Z,"","Nicki Minaj/Cash Money",0.747,0.716,11,-2.457,0,0.0751,0.135,0,0.251,0.751,125.006,4
spotify:track:6e8qhqWzPgdPMFlOuP7nuC,"Doot Doot","Doot Doot","Freur",1983-04-17,243200,39,false,3172n4ykfida5xhdvoynxxppdkoa,2025-08-11T10:25:11Z,"synthpop,new wave","Columbia",0.401,0.397,0,-12.182,1,0.07,0.22,0.613,0.0485,0.726,167.819,4
spotify:track:77oKfNLyXNAWYPTmpCCFNT,"Big Dick Energy","Who Let The Dogs Out","Lambrini Girls",2025-01-10,256799,47,true,bob_varney,2025-08-11T17:06:19Z,"riot grrrl,queercore","City Slang",0.519,0.94,9,-3.048,1,0.0912,0.000348,0.137,0.0754,0.375,108.502,4
spotify:track:7GbqE3MlkKosIaCvf50JRK,"Lady Marmalade - From ""Moulin Rouge"" Soundtrack","Moulin Rouge","Christina Aguilera;Lil' Kim;Mýa;P!nk",2001-09-03,264893,66,false,15ap198hsn5e4balkq3gqjv3t,2025-08-12T07:01:43Z,"hip hop dell'east coast","Moulin Rouge / Interscope",0.76,0.801,5,-3.769,1,0.0534,0.0144,0.0000149,0.665,0.653,109.919,4
spotify:track:3yubyWatnRRLHkIsN1ZI2Q,"My Girlfriend's Girlfriend","October Rust (Special Edition)","Type O Negative",1996-08-19,228826,57,false,316ds5hibyn3gvdiaeoukbfd7one,2025-08-11T19:05:06Z,"gothic metal,rock gotico,doom metal","Roadrunner Records",0.539,0.762,4,-6.908,0,0.0339,0.158,0.908,0.0648,0.661,114.08,4
spotify:track:2ZFu40Ik8VsUE9H87W0MmZ,"KLK","KiCk i","Arca;ROSALÍA",2020-06-26,227401,51,false,mralecolo,2025-08-11T08:13:41Z,"neoperreo,sperimentale,art pop,hyperpop,latina","XL Recordings",0.798,0.873,10,-6.732,0,0.0908,0.064,0.0000517,0.764,0.846,98.017,4
spotify:track:5ka2ajep9OAvU5Sgduhiex,"Applause","ARTPOP","Lady Gaga",2013-11-11,212333,78,false,316ds5hibyn3gvdiaeoukbfd7one,2025-08-11T19:05:42Z,"art pop,pop","Interscope",0.668,0.78,7,-4.287,0,0.053,0.0265,0.00000163,0.143,0.738,139.945,4
spotify:track:4i7QbO97jhQWihsVIIQF3s,"Ridin Round","Ridin Round","Kali Uchis",2015-11-02,276500,45,true,3172n4ykfida5xhdvoynxxppdkoa,2025-08-11T10:25:24Z,"","EMI",0.822,0.791,1,-5.959,0,0.0483,0.00798,0.0000531,0.0645,0.954,119.977,4
spotify:track:1Je1IMUlBXcx1Fz0WE7oPT,"Wannabe","Spice","Spice Girls",1996-01-01,173026,80,false,15ap198hsn5e4balkq3gqjv3t,2025-08-12T07:01:58Z,"","Virgin Records",0.768,0.864,11,-6.149,1,0.0324,0.101,0,0.162,0.891,110.009,4
spotify:track:19rfTTG2XjiU7O4DIsda2x,"Niente - Radio Edit","Niente","Bodam Project;Pierpaolo Capovilla",2025-04-18,222419,2,false,bob_varney,2025-08-11T17:09:49Z,"melodic techno,minimal techno,cantautorato italiano","Synthomatik",0.681,0.637,4,-10.351,0,0.0411,0.0304,0.576,0.11,0.0558,122.989,4
spotify:track:4kXxEhuatrvwrTQycA7s9B,"BIZCOCHITO","MOTOMAMI","ROSALÍA",2022-03-18,109120,63,true,mralecolo,2025-08-11T08:13:58Z,"latina","Columbia",0.93,0.774,1,-4.203,1,0.0744,0.605,0.0238,0.12,0.781,116.972,4
spotify:track:6pqgDfMblvQPHEZpbU3yTT,"One More Try - Remastered","Ladies & Gentlemen","George Michael",1998-11-09,350680,49,false,3172n4ykfida5xhdvoynxxppdkoa,2025-08-11T10:26:26Z,"","Epic",0.346,0.298,5,-12.009,1,0.0307,0.491,0.000122,0.111,0.0957,119.013,3
spotify:track:1zDJ253HHk2TBoaO6nGUxL,"M.I.L.F. $","Double Dutchess","Fergie",2017-09-22,162033,56,true,bob_varney,2025-08-11T18:57:27Z,"","BMG Rights Management (US) LLC",0.77,0.731,0,-5.083,1,0.121,0.013,0.00205,0.0165,0.713,160.965,4
spotify:track:0jGmBA9jESBGNHE9FK6mST,"I Wish You Were Dead","Sleepless Empire","Lacuna Coil",2025-02-14,172280,49,false,316ds5hibyn3gvdiaeoukbfd7one,2025-08-11T19:08:51Z,"gothic metal,metal sinfonico,rock gotico,metal","Century Media",0.475,0.78,5,-4.325,0,0.0286,0.000151,0.0000226,0.376,0.347,99.035,4
spotify:track:5pt8I0fp9O0nhdIs3GgEBo,"Experimental Skin","Revengeseekerz","Jane Remover",2025-04-04,300445,50,true,mralecolo,2025-08-11T08:17:35Z,"hyperpop","deadAir",0.405,0.902,10,-4.469,0,0.103,0.0185,0,0.21,0.46,144.585,4
spotify:track:7lARcL3Gu0wKcPcQ3t9xiF,"Queen of the Night - Radio Edit","The Bodyguard - Original Soundtrack Album","Whitney Houston",1992-11-17,188600,52,false,15ap198hsn5e4balkq3gqjv3t,2025-08-12T07:02:31Z,"","Arista",0.741,0.899,0,-7.13,1,0.0445,0.000656,0.0137,0.0991,0.757,104.895,4
spotify:track:4wH4dJgrsxONID6KS2tDQM,"Maneater","Loose","Nelly Furtado",2006-01-01,258893,83,false,bob_varney,2025-08-11T19:34:07Z,"","Mosley / Geffen",0.796,0.778,6,-4.81,1,0.0397,0.0258,0.000386,0.121,0.789,132.724,4
spotify:track:3UgSQu6WwrXfKKDq019IHE,"To Ü (feat. AlunaGeorge)","Skrillex and Diplo present Jack Ü","Jack Ü;Skrillex;Diplo;Aluna;AlunaGeorge",2015-02-24,237000,57,false,3172n4ykfida5xhdvoynxxppdkoa,2025-08-11T10:36:07Z,"dubstep,edm,electro,elettronica,moombahton","OWSLA/Mad Decent",0.485,0.928,10,-3.451,0,0.445,0.134,0.0000292,0.217,0.348,160.165,4
spotify:track:3d0WouFnFmr0K3kjeza3fF,"Hips Don't Lie (feat. Wyclef Jean)","Oral Fixation, Vol. 2 (Expanded Edition)","Shakira;Wyclef Jean",2005-11-28,220360,85,false,15ap198hsn5e4balkq3gqjv3t,2025-08-12T07:01:20Z,"pop latino","Epic",0.778,0.824,10,-5.892,0,0.0707,0.284,0,0.358,0.758,100.024,4
spotify:track:4ck6UcrJEYV5ZUcJFYVyVN,"SEE U DANCE (feat. Rebecca Black)","SEE U DANCE (feat. Rebecca Black)","Joey Valence & Brae;Rebecca Black",2025-08-11,166177,48,true,mralecolo,2025-08-12T10:03:42Z,"hyperpop","JVB Entertainment/RCA Records",0.869,0.866,11,-2.095,1,0.0701,0.0284,0,0.283,0.687,119.948,4
spotify:track:3MhdQkxCOkM41Q7oPFIABJ,"Shakira: Bzrp Music Sessions, Vol. 53","Las Mujeres Ya No Lloran","Bizarrap;Shakira",2024-03-22,217133,56,false,316ds5hibyn3gvdiaeoukbfd7one,2025-08-11T19:08:38Z,"trap argentina,latin trap,urbano latino,pop latino","Sony Music Latin",0.854,0.727,2,-5.064,0,0.0377,0.292,0.0000108,0.0779,0.519,122.033,4
spotify:track:4Hff1IjRbLGeLgFgxvHflk,"DARE (feat. Shaun Ryder & Roses Gabor)","Demon Days","Gorillaz;Shaun Ryder;Roses Gabor",2005-05-23,244999,83,false,velvetvals,2025-08-12T10:26:12Z,"","Parlophone UK",0.76,0.891,11,-5.852,0,0.0372,0.0229,0.0869,0.298,0.966,120.264,4
spotify:track:70eNH826mDO58WB3Zb8OR9,"Ei Raat Tomar Amar","Deep Jwele Jai (Original Motion Picture Soundtrack)","Hemant Kumar",1959-12-31,181426,24,false,bob_varney,2025-08-19T19:17:30Z,"pop bangla,ghazal,pop marathi","Saregama",0.356,0.138,1,-19.84,0,0.0332,0.925,0.466,0.138,0.391,87.769,4
spotify:track:7zaqDzUx3GyMo4NRQCZUqz,"Las Divinas","Atrévete A Soñar","Las Divinas",2009-01-01,110053,30,false,15ap198hsn5e4balkq3gqjv3t,2025-08-19T19:40:50Z,"","Universal Music Mexico",0.801,0.802,11,-4.232,0,0.146,0.157,0,0.163,0.935,111.943,4
spotify:track:2x4vosoh0XbtWgD6cqCLgh,"Montagem Nada Tropica","Montagem Nada Tropica","Eternxlkz",2025-04-18,119013,60,false,316ds5hibyn3gvdiaeoukbfd7one,2025-08-19T19:42:06Z,"phonk,phonk brasiliano","Eternxlkz",0.834,0.852,7,-4.807,1,0.0361,0.162,0.607,0.0757,0.519,120.908,4
spotify:track:6AbradIfQTsIxHO5tUGhD4,"Pega a Voga, Cabeludo","Gilberto Gil (1968)","Gilberto Gil",1968-01-01,284000,15,false,mralecolo,2025-08-23T12:56:49Z,"mpb,bossa nova,forró tradicional,samba,iazz brasiliano","Gege",0.577,0.937,0,-3.722,1,0.0481,0.15,0,0.618,0.961,135.754,4
spotify:track:7KYzARBusZhyZ6jygZDmVr,"SHYNESS BOY","Timely!!","Anri",1983-12-05,196666,60,false,3172n4ykfida5xhdvoynxxppdkoa,2025-08-19T20:19:52Z,"city pop,j-pop,kayokyoku","FOR LIFE MUSIC ENTERTAINMENT,INC.",0.765,0.777,1,-5.301,0,0.0306,0.142,0.000122,0.104,0.87,119.935,3
spotify:track:5uxYTDNKEOxcrlWyuMNjaM,"DotA - Radio Edit","Now You're Gone - The Album","Basshunter",2008-01-15,200560,60,false,316ds5hibyn3gvdiaeoukbfd7one,2025-08-19T19:43:00Z,"eurodance,europop","WM Sweden",0.46,0.962,0,-6.447,1,0.112,0.0084,0.00199,0.186,0.532,140.047,4
spotify:track:3yM2nErrfkUTNomdVlmL9V,"La vie à 2","Clandestino","Manu Chao",1998-10-06,180573,48,false,bob_varney,2025-08-19T19:27:14Z,"latina alternativa","Radio Bemba",0.696,0.613,5,-8.887,0,0.042,0.786,0.0000788,0.104,0.592,157.876,3
spotify:track:6EMP27Iax2P3LrfFggIt1c,"Apho","Variables","Alfa Mist;Bongeziwe Mabandla",2023-04-21,178173,24,false,mralecolo,2025-08-19T20:08:43Z,"nu jazz,jazz rap,jazz fusion,jazz,indie jazz,soul afro,afropop","Anti/Epitaph",0.257,0.472,9,-13.065,0,0.0523,0.00708,0.00151,0.108,0.156,83.937,3
spotify:track:0GIQeAELQSy10NHp3AUE0L,"ANDIAMO","ANDIAMO","Ardian Bujupi;Capital T",2017-07-28,184000,48,false,3172n4ykfida5xhdvoynxxppdkoa,2025-08-19T20:24:16Z,"hip hop tedesco","Ardian Bujupi",0.871,0.688,7,-3.944,1,0.153,0.545,0.0000102,0.0788,0.805,101.987,4
spotify:track:65uoaqX5qcjXZRheAj1qQT,"Dernière danse","Mini World","Indila",2014-01-01,213493,78,false,15ap198hsn5e4balkq3gqjv3t,2025-08-19T19:40:58Z,"pop francese","Universal Music Division Island Def Jam",0.669,0.449,0,-7.658,0,0.049,0.184,0,0.0729,0.327,114.924,4
spotify:track:3S9aIzgHKk5IsyVCsIymIq,"Riquiquí","KiCk i","Arca",2020-06-26,159621,39,false,mralecolo,2025-08-19T20:16:03Z,"neoperreo,sperimentale,art pop,hyperpop","XL Recordings",0.48,0.804,1,-7.906,1,0.459,0.0317,0.00000392,0.841,0.6,89.762,3
spotify:track:0hcvwkxhxlIRdeLb1dWJBT,"Зима в сердце","Зима в сердце","Moya Mishel",2021-07-30,245187,46,false,3172n4ykfida5xhdvoynxxppdkoa,2025-08-19T20:26:55Z,"","Моя Мишель",0.648,0.761,5,-5.1,0,0.0372,0.102,0,0.229,0.602,108.105,4
spotify:track:03UrZgTINDqvnUMbbIMhql,"Gangnam Style (강남스타일)","Gangnam Style (강남스타일)","PSY",2012-01-01,219493,75,false,15ap198hsn5e4balkq3gqjv3t,2025-08-19T19:44:08Z,"k-pop","Silent Records/Universal Republic Records",0.727,0.937,11,-2.871,0,0.286,0.00417,0,0.091,0.749,132.067,4
spotify:track:52Zr0sinhWTCRrQhRRY4EP,"Dragostea din tei","DiscO-Zone","O-Zone",2004-02-23,215386,70,false,316ds5hibyn3gvdiaeoukbfd7one,2025-08-19T19:43:37Z,"europop,eurodance","Cat Music",0.802,0.966,0,-3.933,1,0.0424,0.18,0,0.0611,0.684,130.099,4
spotify:track:6UDLl5lVzMMe4hCpk1v3e3,"Vértükör","Töviskert… a kísértés örök érzete… lidércharang","Rothadás",2025-03-21,452134,9,false,bob_varney,2025-08-19T19:30:45Z,"death metal,doom metal","Me Saco Un Ojo Records",0.158,0.98,1,-4.999,0,0.0861,0.00000194,0.786,0.136,0.0947,176.086,4
spotify:track:3dSQT6f7Tv1h2sqJszJaum,"Doomad","Dance Party, Vol 6 - Persian Music","Shahram Shabpareh",1998-12-23,360866,31,false,3172n4ykfida5xhdvoynxxppdkoa,2025-08-19T20:35:50Z,"","Caltex Records",0.712,0.419,0,-14.604,1,0.147,0.104,0.0000146,0.151,0.527,125.603,4
spotify:track:2MlOUXmcofMackX3bxfSwi,"Jerusalema (feat. Nomcebo Zikode)","Jerusalema","Master KG;Nomcebo Zikode",2020-01-24,342612,71,false,15ap198hsn5e4balkq3gqjv3t,2025-08-19T19:50:08Z,"amapiano,gqom,afrobeats","Elektra France",0.88,0.483,1,-7.012,1,0.0505,0.0185,0.00000868,0.0607,0.827,124.009,4
spotify:track:5NYbpv0lFOHfQZGUOD5oUh,"Les Cactus","The Dream Synopsis","The Last Shadow Puppets",2016-12-02,200673,22,false,mralecolo,2025-08-19T20:12:17Z,"pop barocco","Domino Recording Co",0.322,0.868,11,-6.1,0,0.134,0.00548,0.0000434,0.884,0.4,129.918,4
spotify:track:2haSsVAgpi5jW7IHEd8Eza,"Utrennyaya gimnastika","Rebetiko Gymnastas","Vinicio Capossela",2012-06-12,158626,10,false,bob_varney,2025-08-19T19:33:51Z,"cantautorato italiano,cantautorato","WMI Italy",0.892,0.459,9,-10.768,1,0.165,0.644,0,0.194,0.972,112.078,5
spotify:track:71qalyQy27kGUqX84aBipO,"Eva (Kavkaz remix)","Eva (Kavkaz remix)","Vintage;Bedanokov;Люай",2025-06-26,142080,56,false,316ds5hibyn3gvdiaeoukbfd7one,2025-08-19T19:50:56Z,"","VK Records / Velvet Music",0.645,0.93,1,-3.741,0,0.0663,0.119,0.0000174,0.0544,0.445,125,4
spotify:track:46DZCruzZuDWYinEI25UPo,"Ave Maria - Schubert","Ave Maria","Hannah Holgersson",2012-12-11,322320,49,false,15ap198hsn5e4balkq3gqjv3t,2025-08-19T19:54:26Z,"","TZ-Records",0.245,0.0509,10,-21.272,1,0.0387,0.986,0.778,0.105,0.0524,141.348,4
spotify:track:6hiih2QMbG6eUbEMwKNzCB,"Fogh In Nakhal - 2008 Remaster","Caffé De La Paix (2008 Remastered Edition)","Franco Battiato;Abdul Halim Sabra",1993,213040,14,false,mralecolo,2025-08-19T20:19:27Z,"cantautorato italiano,cantautorato","CAPITOL MUSIC",0.524,0.618,10,-7.655,0,0.0326,0.562,0.00145,0.321,0.403,110.05,4
spotify:track:131yybV7A3TmC34a0qE8u8,"Tunak Tunak Tun","Tunak Tunak Tun","Daler Mehndi",1998-02-28,303133,56,false,3172n4ykfida5xhdvoynxxppdkoa,2025-08-19T20:54:53Z,"bhangra,bollywood","Magnasound",0.794,0.977,10,-5.637,1,0.178,0.526,0.00196,0.0616,0.687,150.008,4
spotify:track:3gVhsZtseYtY1fMuyYq06F,"Sonne","Mutter","Rammstein",2001-04-02,272440,77,false,316ds5hibyn3gvdiaeoukbfd7one,2025-08-19T20:11:23Z,"industrial metal,metal,industrial rock,industrial","Vertigo Berlin",0.51,0.917,4,-4.806,0,0.0854,0.0054,0.000133,0.396,0.313,75.098,4
spotify:track:5XusfziashAhle5LwVQC1Y,"Leviatan","Khthonie","Dalila Kayros",2025-04-04,179000,4,false,bob_varney,2025-08-19T19:38:16Z,"avant-garde","Subsound Records",0.765,0.671,6,-8.12,0,0.0719,0.0352,0.428,0.0859,0.568,89.992,4
spotify:track:1xaTREM89RbIxkcjlpf4Uw,"Heaven Knows I'm Miserable Now - 2011 Remaster","Hatful of Hollow","The Smiths",1984,215760,80,false,mralecolo,2025-08-25T10:05:28Z,"new wave,madchester,jangle pop","WM UK",0.609,0.759,6,-4.862,1,0.0276,0.028,0,0.183,0.774,114.045,4
spotify:track:2rPbBONzBW14kNvVF9Qy7E,"I Dreamed A Dream - From ""Les Misérables""","Les Misérables: The Motion Picture Soundtrack Deluxe (Deluxe Edition)","Anne Hathaway",2013-01-01,277533,50,false,15ap198hsn5e4balkq3gqjv3t,2025-08-25T10:13:22Z,"musical","Polydor Records",0.274,0.0742,10,-17.234,1,0.0456,0.94,0.0000237,0.0869,0.15,93.48,4
spotify:track:5cZqsjVs6MevCnAkasbEOX,"Break Stuff","Significant Other","Limp Bizkit",1999,166706,83,true,bob_varney,2025-08-25T12:31:12Z,"nu metal,rap metal,metal alternativo,rap rock","Interscope",0.432,0.884,8,-6.657,1,0.128,0.0128,0.000457,0.166,0.619,108.835,4
spotify:track:2E7KGurNDw1b5nSLyjuPuP,"Una cosa stupida","Aurora","i cani",2016-01-29,203400,39,false,3172n4ykfida5xhdvoynxxppdkoa,2025-08-25T17:08:20Z,"indie","42 Records",0.694,0.346,1,-9.404,0,0.0564,0.665,0.0000158,0.0918,0.277,172.938,4
spotify:track:5luCaDrc2ttzEjNp4ivaW0,"Devil Trigger","DEVIL MAY CRY 5 Original SoundTrack","Casey Edwards",2019-03-20,405299,62,false,316ds5hibyn3gvdiaeoukbfd7one,2025-08-25T19:47:23Z,"vgm giapponese","CAPCOM SULEPUTER",0.504,0.934,6,-6.886,1,0.256,0.000104,0.388,0.11,0.355,159.947,4
spotify:track:7eGuPhpdS8sBjPJNuAShUX,"What Is This Feeling?","Wicked: The Soundtrack","Ariana Grande;Cynthia Erivo",2024-11-22,228947,70,false,15ap198hsn5e4balkq3gqjv3t,2025-08-25T10:13:32Z,"pop,musical","Universal Studios and Republic Records",0.607,0.48,1,-8.81,1,0.12,0.691,0,0.111,0.637,151.909,4
spotify:track:0Y2i84QWPFiFHQfEQDgHya,"People = Shit","Iowa (10th Anniversary Edition)","Slipknot",2001,215600,68,true,bob_varney,2025-08-25T12:32:32Z,"nu metal,metal,metal alternativo,rap metal,heavy metal","Roadrunner Records",0.462,0.996,11,-2.973,0,0.231,0.000058,0.00377,0.139,0.145,122.072,4
spotify:track:3Xfg7AegXaDLoD5GOUMf2e,"My Demons","Transmissions (Deluxe Version)","STARSET",2014,288036,71,false,316ds5hibyn3gvdiaeoukbfd7one,2025-08-25T19:48:17Z,"","Fearless Records",0.274,0.652,5,-6.196,0,0.0625,0.00768,0.0000642,0.108,0.1,173.008,4
spotify:track:1EQFOouqdKYdpbNoOHRVO2,"abcdefu (angrier)","abcdefu (angrier)","GAYLE",2021-09-24,159836,64,true,3172n4ykfida5xhdvoynxxppdkoa,2025-08-25T17:08:39Z,"","Atlantic Records/Arthouse Records",0.671,0.599,4,-6.18,1,0.0405,0.0658,0,0.101,0.448,121.849,3
spotify:track:1lATXTBJDHwawvT1UfxWu3,"The Pot","10,000 Days","TOOL",2006-04-28,381946,71,true,mralecolo,2025-08-25T10:05:37Z,"progressive metal,metal alternativo,rock progressivo,metal","RCA Records Label",0.469,0.79,7,-6.889,1,0.0391,0.000148,0.372,0.282,0.466,107.45,4
spotify:track:66uYWEw9gJxkPw6STqNcKl,"The Gentle Art of Making Enemies - 2016 Remaster","King for a Day, Fool for a Lifetime (2016 Remaster; Deluxe Edition)","Faith No More",1995,208706,44,false,bob_varney,2025-08-25T12:34:08Z,"funk rock,metal alternativo,rap metal,grunge","Rhino/Slash",0.412,0.939,11,-5.573,1,0.168,0.0471,0.066,0.214,0.328,170.133,4
spotify:track:4DuE7W3HEq037BuHzas2Ym,"Kill All the White People","Bloody Kisses (Top Shelf Edition)","Type O Negative",1994-05-10,204040,38,false,316ds5hibyn3gvdiaeoukbfd7one,2025-08-27T05:34:44Z,"gothic metal,rock gotico,doom metal","Roadrunner Records",0.318,0.879,1,-9.102,1,0.0766,0.000131,0.272,0.0756,0.309,95.456,4
spotify:track:3ubGHUhPi5x7RSHqWXseq8,"Bust Your Windows","Glee: The Music, Volume 1","Glee Cast",2009-11-02,260133,53,false,15ap198hsn5e4balkq3gqjv3t,2025-08-25T10:13:49Z,"natale","Columbia",0.409,0.774,7,-4.716,0,0.122,0.606,0.00000163,0.0821,0.734,110.033,4
spotify:track:4Uiw0Sl9yskBaC6P4DcdVD,"Be Quiet and Drive (Far Away)","Around the Fur","Deftones",1997-10-27,299866,79,false,mralecolo,2025-08-25T10:05:47Z,"nu metal,metal alternativo,rap metal,shoegaze,rock","Maverick",0.206,0.965,1,-5.116,1,0.079,0.00000991,0.827,0.367,0.168,92.615,4
spotify:track:4uUQRXBBqtUNstHF4q5L4u,"Breaking Point","Worlds Collide","Dead by April",2017-04-07,228666,34,false,316ds5hibyn3gvdiaeoukbfd7one,2025-08-27T05:37:06Z,"metalcore","Universal Music AB",0.362,0.923,4,-4.685,0,0.237,0.0000976,0.138,0.185,0.303,147.466,4
spotify:track:1APdUsdl29A5KAqsVTMh2s,"Non farò mai quello che vuoi","Kinotto","Skiantos",2003-10-01,182786,14,false,bob_varney,2025-08-25T12:39:48Z,"cantautorato italiano","Latlantide",0.846,0.925,0,-5.389,1,0.0492,0.134,0.00002,0.038,0.956,126.333,4
spotify:track:4uytiW8D73yWQHkg1PzYlB,"The Winner Takes It All - From ""Mamma Mia!""","Mamma Mia! The Movie Soundtrack","Meryl Streep",2008-01-01,297933,69,false,15ap198hsn5e4balkq3gqjv3t,2025-08-25T10:14:01Z,"musical","Polydor Records",0.427,0.377,5,-8.136,1,0.0334,0.682,0,0.105,0.245,125.081,4
spotify:track:6ylAVPbjRQoNY0khgh63Jf,"Fuck You","It's Not Me, It's You","Lily Allen",2009-01-26,219893,56,true,mralecolo,2025-08-25T10:05:54Z,"","Parlophone UK",0.775,0.904,1,-4.08,0,0.0437,0.0271,0.000303,0.06,0.84,130.009,4
spotify:track:0RQXlRyDO2zsAnO9QxAeNQ,"Spacco Tutto","Che Bello Essere Noi","Club Dogo",2010-01-01,225320,38,true,3172n4ykfida5xhdvoynxxppdkoa,2025-08-25T17:09:00Z,"trap italiana","Universal Music Italia srL.",0.703,0.656,1,-7.486,1,0.214,0.0459,0,0.337,0.757,141.965,4
spotify:track:0UTCSheV2ceAXo6fpPMptn,"War is the Answer","War is the Answer","Five Finger Death Punch",2009-09-22,198320,40,true,316ds5hibyn3gvdiaeoukbfd7one,2025-08-27T05:39:45Z,"metal,groove metal,heavy metal,hard rock,rock","Eleven Seven Music",0.503,0.958,11,-3.522,0,0.104,0.0000435,0.0136,0.12,0.399,184.09,4
spotify:track:7uBlznv2TJpvjHCzY7K8wO,"Scusa - prod. thasup","Scusa (prod. thasup)","Mara Sattei",2021-04-09,182726,30,false,3172n4ykfida5xhdvoynxxppdkoa,2025-08-25T17:09:37Z,"trap italiana","Columbia",0.732,0.673,10,-5.39,0,0.0415,0.573,0,0.123,0.676,97.509,3
spotify:track:3dkIE8P7hvl3tHl9KSb6dA,"Non, je ne regrette rien","Eternelle","Édith Piaf",1987-10-31,142280,67,false,mralecolo,2025-08-25T10:06:06Z,"chanson,variété française,jazz francese","Parlophone (France)",0.382,0.354,7,-6.595,1,0.0289,0.858,0.00000311,0.168,0.435,87.018,4
spotify:track:1jDJFeK9x3OZboIAHsY9k2,"I'm Still Standing","Too Low For Zero","Elton John",1983-05-30,183440,82,false,15ap198hsn5e4balkq3gqjv3t,2025-08-25T10:14:08Z,"","EMI",0.505,0.904,6,-6.863,1,0.179,0.355,0.118,0.14,0.773,176.811,4
spotify:track:0lP4HYLmvowOKdsQ7CVkuq,"The Kill","A Beautiful Lie","Thirty Seconds To Mars",2005-08-16,231533,79,false,3172n4ykfida5xhdvoynxxppdkoa,2025-08-25T17:09:11Z,"","Virgin Records",0.179,0.912,4,-3.881,0,0.0791,0.0014,0.000294,0.582,0.289,182.99,3
spotify:track:5hjKYe3NOmWx2NVzVAeIGF,"Fuck the System","Steal This Album!","System Of A Down",2002-11-26,132733,61,true,bob_varney,2025-08-25T12:47:38Z,"nu metal,metal,metal alternativo,rap metal,rock","American/Columbia",0.473,0.994,8,-1.884,1,0.104,0.00215,0.123,0.314,0.841,171.435,4
spotify:track:6d67Xv8ms2noA8wWFLiPDN,"Twilight","Twilight","bôa",2001-03-21,228800,71,false,3172n4ykfida5xhdvoynxxppdkoa,2025-09-03T14:49:05Z,"","Nettwerk Music Group",0.386,0.826,11,-7.847,0,0.114,0.158,0.000489,0.101,0.376,187.094,4
spotify:track:4R2kfaDFhslZEMJqAFNpdd,"cardigan","folklore","Taylor Swift",2020-07-24,239560,86,false,15ap198hsn5e4balkq3gqjv3t,2025-09-01T07:02:05Z,"","Taylor Swift",0.613,0.581,0,-8.588,0,0.0424,0.537,0.000345,0.25,0.551,130.033,4
spotify:track:7xsDSbTaQnONSMV4ahM6aC,"Impressioni di settembre","Fleurs 3","Franco Battiato",2002-08-30,220560,25,false,bob_varney,2025-09-05T18:07:49Z,"cantautorato italiano,cantautorato","Columbia",0.333,0.601,0,-5.573,1,0.0465,0.225,0.00000986,0.2,0.3,162.402,4
spotify:track:1rk9eGO7AkPX1oafUuOnGs,"Blue Ridge Mountains","Fleet Foxes","Fleet Foxes",2008-06-09,265773,50,false,mralecolo,2025-09-02T08:47:28Z,"indie folk,folk,indie","Nonesuch",0.524,0.446,8,-7.823,0,0.0275,0.688,0.000745,0.101,0.272,97.856,4
spotify:track:3ZffCQKLFLUvYM59XKLbVm,"Wake Me up When September Ends","American Idiot","Green Day",2004-09-21,285653,81,false,316ds5hibyn3gvdiaeoukbfd7one,2025-09-06T06:00:21Z,"punk,pop punk","Reprise",0.546,0.814,7,-5.146,1,0.0314,0.023,0,0.0972,0.146,104.98,4
spotify:track:6IPwKM3fUUzlElbvKw2sKl,"we fell in love in october","we fell in love in october / October Passed Me By","girl in red",2018-11-21,184153,84,false,15ap198hsn5e4balkq3gqjv3t,2025-09-01T07:02:12Z,"bedroom pop","world in red",0.566,0.366,7,-12.808,1,0.028,0.113,0.181,0.155,0.237,129.96,4
spotify:track:5RNfGG48vPGMPQnV6F7x30,"September Sun","Dead Again","Type O Negative",2007-03-13,587671,45,false,bob_varney,2025-09-05T18:15:16Z,"gothic metal,rock gotico,doom metal","Nuclear Blast",0.261,0.734,6,-6.4,1,0.0491,0.0571,0.00668,0.205,0.203,125.361,4
spotify:track:3XHrTm6WE2BOHafLwTT3GR,"Eyes on Fire","Life Of A Ghost","Blue Foundation",2007-09-24,302826,68,false,316ds5hibyn3gvdiaeoukbfd7one,2025-09-06T06:02:43Z,"","Parlophone Denmark",0.544,0.383,3,-10.143,0,0.0334,0.67,0.00204,0.125,0.367,145.025,4
spotify:track:5rfT032kGmLvbxZzfHlu5D,"In the Aeroplane Over the Sea","In the Aeroplane Over the Sea","Neutral Milk Hotel",1998-02-20,202346,65,false,mralecolo,2025-09-02T08:48:21Z,"anti-folk,folk punk","Merge Records",0.271,0.714,7,-5.124,1,0.0329,0.392,0,0.115,0.239,94.158,3
spotify:track:1fYFSYF2YEysxnuOgW1wji,"I Can't Say No! - Broiler Remix","I Can't Say No!","Lea Rue;Broiler",2015,204375,11,false,3172n4ykfida5xhdvoynxxppdkoa,2025-09-03T14:49:25Z,"pop norvegese,russelåter","JE | Just Entertainment",0.728,0.589,11,-9.17,0,0.0534,0.136,0.000917,0.109,0.227,127.998,4
spotify:track:0tVxMtLxFlc6y4xSX41vKX,"Summertime Sadness","The Q-Music Sessions","Within Temptation",2013-04-19,246720,44,false,bob_varney,2025-09-06T20:18:14Z,"metal sinfonico,gothic metal,rock gotico,power metal,metal","Force Music Recordings",0.587,0.933,5,-4.727,0,0.0425,0.00271,0.00000623,0.228,0.501,118.059,4
spotify:track:5HzrX4aKVfb1NQCsaqf6R0,"Cocaine Sunday","Sensitive G","Eyedress",2018-11-16,168739,64,false,3172n4ykfida5xhdvoynxxppdkoa,2025-09-03T14:49:44Z,"","Lex Records",0.544,0.765,4,-6.491,1,0.0259,0.00818,0.821,0.15,0.429,153.916,4
spotify:track:1ZgMsA55GIY7ICkQh5MILA,"Space Song","Depression Cherry","Beach House",2015-08-28,320466,74,false,mralecolo,2025-09-02T08:50:13Z,"dream pop","Bella Union",0.508,0.786,0,-7.295,0,0.0293,0.226,0.14,0.143,0.611,147.077,4
spotify:track:1z9rTmGfW46p4eXimajRwV,"Cinnamon Girl","October Rust","Type O Negative",1996-08-19,248333,35,false,316ds5hibyn3gvdiaeoukbfd7one,2025-09-06T06:04:40Z,"gothic metal,rock gotico,doom metal","Roadrunner Records",0.484,0.913,1,-5.942,1,0.045,0.13,0.78,0.0992,0.465,99.052,4
spotify:track:0EF1EE8zusg3Y869e56JFd,"Nothing's New","Good God!","Rio Romeo",2022-09-23,211000,79,false,15ap198hsn5e4balkq3gqjv3t,2025-09-01T07:02:29Z,"","FRTYFVE",0.421,0.394,11,-8.312,1,0.0277,0.863,0.00000474,0.0984,0.399,96.192,3
spotify:track:4RqukTe8L59wgiO6fzHvzf,"The Humbling River","C Is For (Please Insert Sophomoric Genitalia Reference Here)","Puscifer",2009-11-10,305520,47,false,bob_varney,2025-09-06T16:50:55Z,"industrial rock","BMG Rights Management (US) LLC",0.554,0.327,4,-12.79,0,0.03,0.796,0.00763,0.125,0.0341,144.171,4
spotify:track:0AJTKW9fVFo3rIXbtTVE3T,"Mayonaise - 2011 Remaster","Siamese Dream (2011 - Remaster)","The Smashing Pumpkins",1993-07-27,348773,48,false,mralecolo,2025-09-02T08:50:26Z,"rock alternativo,rock","Virgin Records",0.482,0.529,10,-10.426,1,0.0271,0.000107,0.546,0.0839,0.0879,145.969,4
spotify:track:15oFmTbu6JDyWGMRhGyOst,"Weapon","Eject","CAZZETTE",2014-01-21,189731,24,false,3172n4ykfida5xhdvoynxxppdkoa,2025-09-03T14:50:17Z,"edm","ICONS",0.698,0.854,3,-3.428,1,0.058,0.15,0.0000101,0.0705,0.809,127.96,4
spotify:track:4U21h8AueaOxQ30agnDk6R,"Enjoy the Silence","Violator","Depeche Mode",1990-03-19,372826,44,false,316ds5hibyn3gvdiaeoukbfd7one,2025-09-06T06:10:32Z,"new wave,synthpop,darkwave","Venusnote Ltd.",0.607,0.591,0,-11.957,0,0.0312,0.361,0.0197,0.116,0.231,112.934,4
spotify:track:3qhlB30KknSejmIvZZLjOD,"End of Beginning","DECIDE","Djo",2022-09-16,159245,89,false,15ap198hsn5e4balkq3gqjv3t,2025-09-01T07:02:51Z,"","Djo",0.689,0.454,2,-7.643,1,0.0584,0.0351,0.00259,0.0707,0.912,159.982,4
spotify:track:1JyP5hSjws03QtKMAYg8O3,"Mushroom Men","Of Fungi And Foe","Les Claypool",2009-03-17,192693,24,false,bob_varney,2025-09-05T20:35:25Z,"funk rock,jam band","Prawn Song",0.756,0.982,1,-7.37,1,0.0913,0.185,0.572,0.147,0.256,119.951,4
spotify:track:6VzXOkU7pVXaVMR6e4hRAg,"Love Like Blood","Laugh? I Nearly Bought One!","Killing Joke",1992-01-01,265466,51,false,316ds5hibyn3gvdiaeoukbfd7one,2025-09-06T06:09:09Z,"post-punk,rock gotico,industrial rock,new wave,industrial metal,darkwave,deathrock,industrial,cold wave","[PIAS] Recordings Catalogue",0.417,0.645,7,-10.722,0,0.0428,0.0319,0.012,0.488,0.433,124.685,4
spotify:track:2mdEsXPu8ZmkHRRtAdC09e,"Cinnamon Girl","Norman Fucking Rockwell!","Lana Del Rey",2019-08-30,300683,86,false,15ap198hsn5e4balkq3gqjv3t,2025-09-01T07:02:58Z,"","Polydor Records",0.294,0.337,6,-10.614,0,0.036,0.814,0.414,0.14,0.135,91.781,5
spotify:track:0k4XDoI1iCB3fV2RstqiYA,"THINGS BEHIND THINGS BEHIND THINGS","SABLE, fABLE","Bon Iver",2025-04-11,200589,59,false,mralecolo,2025-09-02T08:58:40Z,"","Jagjaguwar",0.413,0.467,9,-9.282,1,0.0292,0.732,0.0111,0.0711,0.377,157.338,4
spotify:track:2grjqo0Frpf2okIBiifQKs,"September","The Best Of Earth, Wind & Fire Vol. 1","Earth, Wind & Fire",1978-11-23,215093,74,false,3172n4ykfida5xhdvoynxxppdkoa,2025-09-03T14:51:15Z,"funk,disco","Columbia/Legacy",0.697,0.832,9,-7.264,1,0.0298,0.168,0.00131,0.269,0.979,125.926,4
spotify:track:4oc0XA7UehlFOuFz4HHjvn,"Everybody (Backstreet's Back) - Radio Edit","90s 100 Hits","Backstreet Boys",2014-11-28,225360,40,false,velvetvals,2025-09-07T15:21:37Z,"","Legacy Recordings",0.725,0.73,10,-8.291,0,0.035,0.0475,0,0.188,0.647,108.03,4
spotify:track:5W3cjX2J3tjhG8zb6u0qHn,"Harder, Better, Faster, Stronger","Discovery","Daft Punk",2001-03-12,226413,72,false,15ap198hsn5e4balkq3gqjv3t,2025-09-07T11:48:00Z,"french touch,elettronica,electro","Daft Life Ltd./ADA France",0.817,0.716,6,-8.898,0,0.144,0.0427,0.00263,0.358,0.692,123.474,4
spotify:track:5oRcArT4YUU0hAo5EzNW3u,"9 PM (Till I Come) - Radio Edit","9 PM (Till I Come)","ATB",1998-10-26,199520,46,false,3172n4ykfida5xhdvoynxxppdkoa,2025-09-07T14:53:23Z,"trance","Kontor Records",0.672,0.941,9,-6.428,0,0.0499,0.0216,0.934,0.0749,0.763,130.254,4
spotify:track:3zYufmyv6HOuiHn1eMR6Ja,"Desert Rose","Brand New Day","Sting;Cheb Mami",1999-09-24,285960,65,false,bob_varney,2025-09-07T09:34:02Z,"soft rock,raï,gnawa,pop marocchino,chaabi marocchino,chaabi algerino","A&M",0.587,0.659,0,-7.92,0,0.0304,0.011,0,0.106,0.147,111.99,4
spotify:track:7gYlDaUF6BKNpgACrKxUdK,"Enter Sandman - Radio Edit","Metallica (Remastered Deluxe Box Set)","Metallica",2021-09-10,242080,31,false,316ds5hibyn3gvdiaeoukbfd7one,2025-09-07T10:13:21Z,"metal,thrash metal,rock,heavy metal,hard rock","Blackened Recordings / Universal Music",0.586,0.811,6,-8.65,0,0.0326,0.00189,0.00401,0.0693,0.64,123.847,4
spotify:track:2F6FfZ4w8z3eJpSxPotVO5,"Falling Away from Me","Issues","Korn",1999-11-09,270920,75,true,mralecolo,2025-09-08T17:57:12Z,"nu metal,metal,rap metal,metal alternativo","Epic/Immortal",0.468,0.769,4,-7.036,1,0.041,0.00014,0.00124,0.271,0.17,104.102,4
spotify:track:3lYLrCyDzd7WN7mN4T9AkX,"Stereo Love","The Stereo Love Show","Edward Maya;Vika Jigulina",2012-12-18,247614,63,false,3172n4ykfida5xhdvoynxxppdkoa,2025-09-07T14:53:45Z,"","2012 Cat Music",0.778,0.777,9,-5.359,1,0.0362,0.0338,0.0218,0.0772,0.362,127.051,4
spotify:track:7suGB3VzLZa3WoiPMcFdcz,"Tutto L'Universo Obbedisce All'Amore","Fleurs 2","Franco Battiato;Carmen Consoli",2008-01-01,207653,40,false,bob_varney,2025-09-07T10:10:52Z,"cantautorato italiano,cantautorato","Universal Music Italia srL.",0.721,0.553,9,-7.479,0,0.0245,0.446,0.0000091,0.107,0.514,101.999,4
spotify:track:0SiywuOBRcynK0uKGWdCnn,"Bad Romance","The Fame Monster (Deluxe Edition)","Lady Gaga",2009-11-05,294573,84,true,15ap198hsn5e4balkq3gqjv3t,2025-09-07T11:48:48Z,"art pop,pop","Interscope",0.695,0.921,0,-3.752,1,0.0363,0.00314,0.0000526,0.0842,0.714,119.007,4
spotify:track:0YTHsOhwVg5cKdKvlADd8v,"Infinity","Datura Collection","Datura;U.S.U.R.A.",2009-07-01,325400,30,false,316ds5hibyn3gvdiaeoukbfd7one,2025-09-07T10:15:26Z,"italo dance,eurodance,hip house","The Saifam Group Digital",0.555,0.85,8,-10.925,0,0.0381,0.0272,0.243,0.145,0.554,149.991,4
spotify:track:3HGwI9qwq5XqBDeZBV3zti,"World Hold On (Children of the Sky) - Radio Edit","World Hold On (Children of the Sky) [Radio Edit]","Bob Sinclar;Steve Edwards",2006-06-06,199194,76,false,mralecolo,2025-09-09T12:30:01Z,"french touch,disco house","Yellow Productions",0.738,0.933,8,-1.898,0,0.0946,0.0764,0.000108,0.247,0.633,126.994,4
spotify:track:1jlG3KJ3gdYmhfuySFfpO1,"I'm with You","Let Go","Avril Lavigne",2002-06-04,223066,77,false,velvetvals,2025-09-07T15:27:51Z,"","Arista",0.457,0.406,9,-7.462,1,0.0291,0.08,0,0.117,0.208,151.95,3
spotify:track:0nS5Sgk5fMGT8dUC1L7OvG,"Postcards","Moon Landing","James Blunt",2013-10-16,286973,56,false,15ap198hsn5e4balkq3gqjv3t,2025-09-07T11:49:30Z,"","Custard/Atlantic",0.723,0.617,11,-8.312,1,0.0301,0.566,0,0.252,0.677,100.016,4
spotify:track:1gAu1GvVR0iMkCJCCzLr6o,"Into the Sun","Dogs (Special Edition)","The Parlor Mob",2011-10-10,183826,32,false,bob_varney,2025-09-07T10:25:07Z,"blues rock,blues moderno","Roadrunner Records",0.508,0.934,10,-3.004,1,0.0595,0.000327,0.00322,0.222,0.628,75.571,4
spotify:track:6ECp64rv50XVz93WvxXMGF,"This Love","Songs About Jane: 10th Anniversary Edition","Maroon 5",2002,206200,84,false,316ds5hibyn3gvdiaeoukbfd7one,2025-09-07T10:17:18Z,"pop","Interscope Records*",0.712,0.862,5,-4.612,0,0.0378,0.0525,0,0.093,0.809,95.051,4
spotify:track:72jGj8k9C7DIQesDYenUT3,"Burnin' Up","A Little Bit Longer","Jonas Brothers",2008-08-12,175093,0,false,velvetvals,2025-09-07T15:31:01Z,"","Jonas Enterprises",0.667,0.954,2,-3.462,1,0.0817,0.0296,0,0.331,0.807,114,4
spotify:track:6Le4D98HYcYw23Ik2y0G5V,"Bring the Noise","Made In Chicago","Public Enemy;Benny Benassi",2008,223386,35,false,mralecolo,2025-09-09T12:31:06Z,"old school hip hop,hip hop dell'east coast,hip hop,hardcore hip hop,electro house","Ultra Records, LLC",0.812,0.715,11,-4.637,1,0.362,0.114,0.0000076,0.114,0.526,129.999,4
spotify:track:51ODNNDZm21HU7wI7cccRr,"Latch","Settle (Special Edition)","Disclosure;Sam Smith",2013-06-03,255631,82,false,3172n4ykfida5xhdvoynxxppdkoa,2025-09-07T14:55:19Z,"musica house,soft pop","Universal-Island Records Ltd.",0.503,0.726,1,-5.456,1,0.167,0.0159,0.0000798,0.0895,0.529,121.981,4
spotify:track:3IwGCc9pW94ZoHA1aO0WiD,"My Land","Ecliptica (International Version)","Sonata Arctica",1999-01-01,277266,40,false,316ds5hibyn3gvdiaeoukbfd7one,2025-09-07T10:19:23Z,"power metal,metal sinfonico,speed metal,progressive metal,metal,folk metal","Spinefarm FI",0.161,0.943,3,-3.549,0,0.0645,0.00023,0.00000195,0.0464,0.467,184.756,4
spotify:track:7GRTrWsP3yo2Fx8umJfA1X,"Freeee (Ghost Town Pt. 2)","KIDS SEE GHOSTS","KIDS SEE GHOSTS;Ty Dolla $ign",2018-06-08,206605,55,true,mralecolo,2025-09-09T12:33:25Z,"trap soul","Getting Out Our Dreams, Inc./Def Jam Recordings",0.334,0.81,9,-4.855,0,0.0632,0.00457,0,0.158,0.306,151.643,4
spotify:track:2HklyUw3TR56nVyVJAIhw5,"Love Me","I like it when you sleep, for you are so beautiful yet so unaware of it","The 1975",2016-02-26,222039,49,false,velvetvals,2025-09-07T15:35:45Z,"","Polydor Records",0.631,0.8,0,-3.308,0,0.0361,0.00689,0.0000451,0.609,0.911,97.02,4
spotify:track:0pjCkLjbgSLn5c0Ilwuv8z,"The Longest Wave","The Getaway","Red Hot Chili Peppers",2016-06-17,211520,58,false,bob_varney,2025-09-07T10:38:53Z,"funk rock,rock alternativo,rock","Warner Records",0.476,0.511,8,-6.25,1,0.0324,0.319,0.000129,0.119,0.339,148.158,4
spotify:track:3Rw6shHCDFRWv3g2WmEFKv,"Fire Meet Gasoline","1000 Forms Of Fear","Sia",2014-07-04,241493,59,false,3172n4ykfida5xhdvoynxxppdkoa,2025-09-07T14:55:48Z,"","Monkey Puzzle Records/RCA Records",0.418,0.764,5,-3.307,0,0.0559,0.00598,0,0.149,0.33,175.669,3
spotify:track:5XMkENs3GfeRza8MfVAhjK,"Finesse","24K Magic","Bruno Mars",2016-11-17,191000,73,false,15ap198hsn5e4balkq3gqjv3t,2025-09-07T11:51:23Z,"","Atlantic Records",0.741,0.798,5,-5.342,0,0.0718,0.00781,0,0.0232,0.939,104.953,4
spotify:track:78Ywl1ORADMqkGNJKrpnbL,"Wireless","Bleed Out","Within Temptation",2023-10-20,281380,36,false,bob_varney,2025-09-07T10:43:50Z,"metal sinfonico,gothic metal,rock gotico,power metal,metal","Force Music Recordings",0.481,0.888,8,-4.157,0,0.071,0.00875,0.00823,0.254,0.243,90.997,4
spotify:track:3f2o6TEwCjagPiapt77Hia,"GIOVANNA HARDCORE","GIOVANNA HARDCORE","M¥SS KETA",2020-08-27,186190,19,true,velvetvals,2025-09-08T05:27:40Z,"","Universal Music Italia srL.",0.843,0.716,9,-7.348,0,0.0901,0.0105,0.0238,0.182,0.838,126.02,4
spotify:track:5fBRCfXoHaoaBBjrGarTqx,"Spirit Season","4D","Blank Banshee",2023-08-20,127619,15,false,3172n4ykfida5xhdvoynxxppdkoa,2025-09-07T14:56:09Z,"vaporwave,chillwave","Hologram Bay",0.464,0.888,7,-5.632,0,0.0349,0.00559,0.66,0.15,0.0385,125.97,4
spotify:track:0VjIjW4GlUZAMYd2vXMi3b,"Blinding Lights","After Hours","The Weeknd",2020-03-20,200040,89,false,15ap198hsn5e4balkq3gqjv3t,2025-09-07T11:52:04Z,"","Republic Records",0.513,0.73,1,-5.94,1,0.0598,0.00143,0.0000954,0.0897,0.334,171.001,4
spotify:track:4LqBBcTcyLYdZgjFVDxvE0,"Swarm Mode","The Affliction","Dead by April",2024-01-26,230283,30,false,316ds5hibyn3gvdiaeoukbfd7one,2025-09-07T10:23:07Z,"metalcore","Dead by April",0.257,0.951,11,-3.937,0,0.217,0.00202,0.00416,0.469,0.154,160.062,4
spotify:track:3C9aSREn5Di1godYOJDKvi,"Oh Such A Spring","A Hero's Death","Fontaines D.C.",2020-07-31,152853,49,false,mralecolo,2025-09-09T12:34:17Z,"post-punk","Partisan Records",0.565,0.241,6,-12.12,1,0.0341,0.733,0.0000038,0.0901,0.154,141.403,3
spotify:track:1k2pQc5i348DCHwbn5KTdc,"Pink Pony Club","The Rise and Fall of a Midwest Princess","Chappell Roan",2023-09-22,258034,85,false,15ap198hsn5e4balkq3gqjv3t,2025-09-14T09:53:52Z,"","Chappell Roan PS/ Island",0.61,0.65,6,-6.199,1,0.0474,0.399,0,0.11,0.507,106.719,4
spotify:track:4KW1lqgSr8TKrvBII0Brf8,"Father Stretch My Hands Pt. 1","The Life Of Pablo","Kanye West",2016-06-10,135920,78,true,3172n4ykfida5xhdvoynxxppdkoa,2025-09-14T10:36:44Z,"rap","Rock The World/IDJ/Kanye LP7",0.724,0.573,7,-4.113,1,0.0549,0.118,0,0.538,0.438,113.088,4
spotify:track:4xG6zay5XkvdH9DpYpNMMv,"Fade to Black","Takatalvi","Sonata Arctica",2009-01-01,343160,35,false,316ds5hibyn3gvdiaeoukbfd7one,2025-09-17T05:31:29Z,"power metal,metal sinfonico,speed metal,progressive metal,metal,folk metal","Spinefarm FI",0.519,0.635,3,-8.229,0,0.0302,0.0237,0.219,0.0956,0.0998,129.956,4
spotify:track:2qmdbsf4SizRiXKJUfhQke,"Fear Of A Blank Planet - 2024 Remaster","Fear Of A Blank Planet (2024 Remaster)","Porcupine Tree",2007-04-16,448533,22,false,mralecolo,2025-09-14T09:59:32Z,"rock progressivo,progressive metal,art rock,space rock","Snapper Music Ltd",0.366,0.485,0,-16.175,0,0.0293,0.00097,0.425,0.356,0.271,161.97,3
spotify:track:0aauEuObcI2mG3hSv0mh6k,"Green Man","October Rust (Special Edition)","Type O Negative",1996-08-19,347960,44,false,bob_varney,2025-09-15T16:57:40Z,"gothic metal,rock gotico,doom metal","Roadrunner Records",0.468,0.831,1,-7.276,1,0.0338,0.128,0.249,0.462,0.381,114.639,4
spotify:track:6IIqWBHaHYbC8E16FrxLuX,"Sh-Boom","Complete Discography","The Chords",1954-12-02,147320,60,false,3172n4ykfida5xhdvoynxxppdkoa,2025-09-14T10:56:19Z,"doo-wop","Universal Digital Enterprises",0.672,0.471,5,-8.893,1,0.0485,0.782,0,0.125,0.884,136.562,4
spotify:track:4ZJ4vzLQekI0WntDbanNC7,"Pink Skies","Pink Skies","Zach Bryan",2024-05-24,194920,83,false,15ap198hsn5e4balkq3gqjv3t,2025-09-14T09:54:37Z,"country,red dirt","Warner Records",0.525,0.488,0,-6.909,1,0.038,0.191,0.0000514,0.135,0.253,84.999,4
spotify:track:1WZLjHYCwiK9IAAIZY4gHP,"The Grass Is Green","Folklore","Nelly Furtado",2003-11-23,230720,31,false,bob_varney,2025-09-15T16:59:06Z,"","Geffen",0.606,0.83,0,-4.167,0,0.0412,0.0104,0.000333,0.166,0.531,83.935,4
spotify:track:6ztdBhTNo6GFk0WlYU1jzM,"Watching T.V.","Imaginal Disk","Magdalena Bay",2024-08-23,245413,55,false,mralecolo,2025-09-14T10:08:12Z,"","Mom+Pop",0.582,0.651,6,-8.722,1,0.0443,0.0934,0.107,0.122,0.471,139.962,4
spotify:track:710B9xFjNOisQtKtppZE9p,"Black No. 1 (Little Miss Scare -All)","Bloody Kisses (Top Shelf Edition)","Type O Negative",1994-05-10,675653,62,true,316ds5hibyn3gvdiaeoukbfd7one,2025-09-17T05:38:22Z,"gothic metal,rock gotico,doom metal","Roadrunner Records",0.348,0.7,4,-8.885,1,0.0611,0.0397,0.00228,0.106,0.416,93.614,4
spotify:track:4rJZeYt6ArHcnPova0Hgtw,"Crystal Ball","Volevo Magia","Verdena",2022-09-23,174026,24,false,bob_varney,2025-09-15T17:07:21Z,"","Universal Music Italia srL.",0.545,0.884,11,-6.015,0,0.038,0.00282,0.643,0.335,0.761,107.987,5
spotify:track:5w9upngVRHNjdZcRC7Xxr2,"Delilah (pull me out of this)","Actual Life 3 (January 1 - September 9 2022)","Fred again..;Delilah Montagu",2022-10-28,250702,71,false,mralecolo,2025-09-14T10:15:08Z,"stutter house,musica house","Atlantic Records UK",0.685,0.827,10,-7.745,1,0.224,0.138,0.00207,0.374,0.586,133.93,4
spotify:track:6NT76Qk0fQCjPZecFgMIl5,"Welcome To The Disco","Bae 5","Yung Bae;Macross 82-99",2019-06-28,195274,42,false,3172n4ykfida5xhdvoynxxppdkoa,2025-09-14T11:03:21Z,"vaporwave,city pop,nu disco","Future of Funk Records, LLC",0.699,0.693,6,-5.215,1,0.102,0.00137,0.801,0.265,0.716,128.028,4
spotify:track:2VP6E3tkWSbD2uHBioBDLp,"Paint It, Black","Paint It, Black","Ciara",2015-10-09,234146,53,false,316ds5hibyn3gvdiaeoukbfd7one,2025-09-17T05:39:53Z,"","Epic",0.626,0.615,8,-7.667,1,0.0898,0.189,0.000012,0.127,0.0795,123.048,4
spotify:track:741UUVE2kuITl0c6zuqqbO,"Barbie World (with Aqua) [From Barbie The Album]","Barbie World (with Aqua) [From Barbie The Album]","Nicki Minaj;Ice Spice;Aqua",2023-06-23,109750,69,true,15ap198hsn5e4balkq3gqjv3t,2025-09-14T09:55:56Z,"europop,eurodance","Atlantic Records",0.77,0.58,0,-8.393,1,0.247,0.519,0.000127,0.233,0.753,144.072,4
spotify:track:32wF3QsYzC41cuiNKkODZw,"Un Blu Sincero","Endkadenz, Vol.2","Verdena",2015-08-28,276400,20,false,mralecolo,2025-09-14T10:01:34Z,"","Universal Music Italia srL.",0.46,0.795,6,-7.837,0,0.0426,0.0361,0.432,0.322,0.521,129.598,4
spotify:track:4Tkj9L81NcKffRHi6L6bk1,"Green Valley","Conditions Of My Parole","Puscifer",2011,234826,46,false,bob_varney,2025-09-15T16:58:04Z,"industrial rock","BMG Rights Management (US) LLC",0.485,0.6,10,-6.805,0,0.067,0.663,0.0000433,0.273,0.0365,84.985,4
spotify:track:08mG3Y1vljYA6bvDt4Wqkj,"Back In Black","Back In Black","AC/DC",1980-07-25,255493,84,false,316ds5hibyn3gvdiaeoukbfd7one,2025-09-17T05:44:23Z,"rock,hard rock,rock classico,rock and roll","Columbia",0.31,0.7,9,-5.678,1,0.047,0.011,0.00965,0.0828,0.763,188.386,4
spotify:track:0QHEIqNKsMoOY5urbzN48u,"Made You Look","Takin' It Back","Meghan Trainor",2022-10-21,134256,75,false,15ap198hsn5e4balkq3gqjv3t,2025-09-14T09:56:21Z,"","Epic",0.834,0.522,10,-3.574,1,0.0703,0.34,0.00000159,0.0783,0.854,145.035,4
spotify:track:2706bJ1IBduQztEVAMKOST,"Comet","Comet","L I M",2016-04-08,261795,18,false,3172n4ykfida5xhdvoynxxppdkoa,2025-09-14T11:10:13Z,"","La Tempesta International",0.34,0.698,6,-9.706,0,0.135,0.207,0.791,0.666,0.392,180.003,3
spotify:track:0LiHWulNk5Vws57m9pvo9D,"Green Onions - 2022 Remaster","Green Onions (60th Anniversary Remaster)","Booker T. & the M.G.'s",1962-10-01,174282,39,false,bob_varney,2025-09-15T17:32:17Z,"","Rhino Atlantic",0.814,0.481,10,-10.76,1,0.0319,0.798,0.865,0.0961,0.893,134.815,4
spotify:track:3mwvKOyMmG77zZRunnxp9E,"Buddy Holly","Weezer","Weezer",1994-05-10,159226,76,false,mralecolo,2025-09-14T10:20:43Z,"rock alternativo","DGC",0.556,0.92,8,-4.606,1,0.0367,0.00271,0.00021,0.117,0.771,121.138,4
spotify:track:1vYXt7VSjH9JIM5oRRo7vA,"Dance The Night - From Barbie The Album","Dance The Night (From Barbie The Album)","Dua Lipa",2023-05-25,176579,80,false,15ap198hsn5e4balkq3gqjv3t,2025-09-14T09:55:36Z,"pop","Atlantic Records",0.671,0.845,11,-4.93,0,0.048,0.0207,0,0.329,0.775,110.056,4
spotify:track:6Ufh0H4emPePwyjusICVKb,"Black Celebration","Black Celebration (Deluxe)","Depeche Mode",1986-03-17,296693,49,false,316ds5hibyn3gvdiaeoukbfd7one,2025-09-17T05:39:16Z,"new wave,synthpop,darkwave","Mute Records",0.503,0.69,2,-12.285,0,0.0339,0.0116,0.00186,0.169,0.121,153.874,4
spotify:track:7tqhbajSfrz2F7E1Z75ASX,"Ain't No Mountain High Enough","United","Marvin Gaye;Tammi Terrell",1967-08-29,151666,82,false,3172n4ykfida5xhdvoynxxppdkoa,2025-09-14T10:57:05Z,"motown,soul classico,soul,northern soul,quiet storm","UNI/MOTOWN",0.663,0.6,7,-10.87,1,0.032,0.43,0,0.184,0.797,129.987,4
